Time Elapsed (s),Distance Between Both Masses (m),Distance of Star 1 from Barycenter (m),Distance of Star 2 from Barycenter (m),Scalar Velocity of Star 1 (m/s),Scalar Velocity of Star 2 (m/s),Kinetic Energy of Star 1 (J),Kinetic Energy of Star 2 (J),Total Kinetic Energy (J),Gravitational Potential Energy (J),Total Mechanical Energy (J),Acceleration of Star 1 (m/s^2),Acceleration of Star 2 (m/s^2),Relative Acceleration (m/s^2),Angular Momentum of Star 1 (kg*m^2/s),Angular Momentum of Star 2 (kg*m^2/s),Total Angular Momentum (kg*m^2/s),Angular Velocity of Star 1 (rad/s),Angular Velocity of Star 2 (rad/s)
0.0,3590400000000.0,2395802208096.3535,1194597791903.6467,15269.30797104764,21623.89785371733,2.318694312021681e+38,9.32614155504868e+38,1.1644835867070361e+39,-1.4748970529829545e+38,-4.424691158948863e+37,2.065304491356531e-05,1.0298046210348807e-05,3.0951091123914115e-05,7.276207884699384e+46,1.030432920466905e+47,1.7580537089368434e+47,6.37335916940333e-09,1.8101404506414375e-08
15399805.65669002,3591029032405.268,2396221948856.5767,1194807083548.6917,15267.39735863995,21621.19210650074,2.3181140828501978e+38,9.323807784978356e+38,1.1641921867828554e+39,-1.4746386986136668e+38,-4.424691158948863e+37,2.064581005327272e-05,1.029443875556767e-05,3.094024880884039e-05,7.276572050619637e+46,1.0304844924613681e+47,1.7581416975233317e+47,6.371445418870822e-09,1.8095969135271382e-08
30799611.31338004,3592914626868.9683,2397480168380.782,1195434458488.1865,15261.672662896652,21613.084978382598,2.316375998808252e+38,9.316816946330197e+38,1.1633192945138449e+39,-1.47386479473483e+38,-4.424691158948863e+37,2.062414551967523e-05,1.0283636359647538e-05,3.090778187932277e-05,7.277662995822594e+46,1.0306389885765652e+47,1.7584052881588246e+47,6.365713829117564e-09,1.8079690463093824e-08
46199416.970070064,3596052298923.7334,2399573874273.465,1196478424650.2688,15252.155194020543,21599.60664817974,2.313487827531441e+38,9.305200281717222e+38,1.1618688109248662e+39,-1.4725787999843292e+38,-4.424691158948863e+37,2.058817075173464e-05,1.0265698577387866e-05,3.085386932912251e-05,7.279476085544275e+46,1.0308957524522799e+47,1.7588433610067074e+47,6.356193221447929e-09,1.8052650347199795e-08
61599222.62676008,3600434652883.1934,2402498131540.826,1197936521342.3674,15238.880092410822,21580.806880583812,2.3094623740528503e+38,9.289009294932135e+38,1.1598471668984985e+39,-1.4707864159649276e+38,-4.424691158948863e+37,2.0538082498079876e-05,1.0240723511827744e-05,3.0778806009907616e-05,7.282003670714666e+46,1.0312537008520683e+47,1.759454067923535e+47,6.3429310900805854e-09,1.80149836791027e-08
76999028.2834501,3606051496490.247,2406246139093.275,1199805357396.9727,15221.89577812359,21556.754246505116,2.3043172746911643e+38,9.268314921933895e+38,1.157263219662506e+39,-1.4684954954703382e+38,-4.424691158948863e+37,2.0474151433964297e-05,1.0208846127389067e-05,3.068299756135336e-05,7.285235198417652e+46,1.031711339306236e+47,1.7602348591480013e+47,6.325992811300479e-09,1.7966876138370798e-08
92398833.94014013,3612889995640.7363,2410809332989.4443,1202080662651.2922,15201.263207903177,21527.535070904505,2.2980747189881305e+38,9.243206412437872e+38,1.1541281131426003e+39,-1.4657159186743692e+38,-4.424691158948863e+37,2.0396717601685033e-05,1.0170235976372907e-05,3.056695357805794e-05,7.289157361032082e+46,1.0322667832327118e+47,1.76118251933592e+47,6.305460577030932e-09,1.790856116379385e-08
107798639.59683014,3620934863838.9277,2416177512856.0527,1204757350982.8752,15177.054965449348,21493.25214445936,2.290761109384372e+38,9.213789961080143e+38,1.1504551070464515e+39,-1.4624594415972796e+38,-4.424691158948863e+37,2.0306184837407233e-05,1.0125094420055901e-05,3.0431279257463136e-05,7.293754278969013e+46,1.0329177838157021e+47,1.7622932117126035e+47,6.281432090438275e-09,1.7840316248682403e-08
123198445.25352016,3630168580095.0757,2422338987286.5938,1207829592808.4822,15149.354215121162,21454.023241833012,2.2824066700296567e+38,9.18018713399286e+38,1.1462593804022517e+39,-1.4587395219236097e+38,-4.424691158948863e+37,2.0203014375799585e-05,1.0073651439825865e-05,3.0276665815625452e-05,7.299007711018244e+46,1.0336617577942836e+47,1.7635625288961081e+47,6.254019067781614e-09,1.7762458685870964e-08
138598250.9102102,3640571628387.044,2429280733629.294,1211290894757.7502,15118.253552090924,21409.979493300078,2.2730450171775066e+38,9.142533140865902e+38,1.1415578158043408e+39,-1.4545711277149516e+38,-4.424691158948863e+37,2.008771784123178e-05,1.0016162142444223e-05,3.0103879983676e-05,7.304897285755185e+46,1.0344958202334912e+47,1.7649855488090097e+47,6.2233455947697625e-09,1.767534089949708e-08
153998056.5669002,3652122751584.1943,2436988567425.452,1215134184158.7427,15083.853783019627,21361.263657978685,2.262712704003042e+38,9.100975004135006e+38,1.1363687708138047e+39,-1.4499705347343446e+38,-4.424691158948863e+37,1.9960849840337665e-05,9.952903066540891e-06,2.9913752906878556e-05,7.311400747243067e+46,1.035416819319869e+47,1.7665568940441757e+47,6.189546387144077e-09,1.7579345504766156e-08
169397862.22359022,3664799212850.93,2445447316838.8027,1219351896012.128,15046.262670733986,21308.02834608285,2.25144875244761e+38,9.055669675989544e+38,1.1307118428437154e+39,-1.4449551179941816e+38,-4.424691158948863e+37,1.9823000366221068e-05,9.8841683951902e-06,2.9707168761411267e-05,7.318494208375394e+46,1.0364213722390033e+47,1.7682707930765427e+47,6.15276500423002e-09,1.7474880234139495e-08
184797667.88028026,3678577057964.8867,2454640997695.205,1223936060269.6821,15005.593674359332,21250.434234739612,2.2392941839161295e+38,9.006782150765792e+38,1.1246076334681921e+39,-1.4395431427932717e+38,-4.424691158948863e+37,1.9674787210901322e-05,9.81026617259532e-06,2.948505338349664e-05,7.326152405597027e+46,1.0375059012482954e+47,1.7701211418079982e+47,6.1131520611156146e-09,1.7362372859622497e-08
200197473.53697026,3693431372640.4526,2464552985189.4893,1228878387450.9636,14961.964713194227,21188.648317428433,2.2262915594443543e+38,8.954483615429674e+38,1.1180775174874028e+39,-1.4337535599705055e+38,-4.424691158948863e+37,1.951684856167836e-05,9.73151461247888e-06,2.924836317415724e-05,7.334348949362504e+46,1.0386666691460566e+47,1.772101564082307e+47,6.070863480358027e-09,1.7242266227319366e-08
215597279.1936603,3709336529774.14,2475166178867.355,1234170350906.786,14915.496978630716,21122.842221461266,2.212484538438845e+38,8.898949674761732e+38,1.1111434213200577e+39,-1.4276058094282535e+38,-4.424691158948863e+37,1.9349835931100335e-05,9.648238572814883e-06,2.899807450391522e-05,7.343056565472237e+46,1.0398998134487539e+47,1.7742054699959776e+47,6.026058818182503e-09,1.7115013503558575e-08
230997084.8503503,3726266422451.941,2486463158106.523,1239803264345.4185,14866.313813972592,21053.19062161755,2.19791746340227e+38,8.840358681059041e+38,1.1038276144461311e+39,-1.4211196352260552e+38,-4.424691158948863e+37,1.91744075413542e-05,9.560766257145525e-06,2.8735173798499723e-05,7.352247323303762e+46,1.041201378712379e+47,1.7764261110427551e+47,5.978899693528338e-09,1.6981073713120964e-08
246396890.50704032,3744194679520.912,2498426325963.3525,1245768353557.5603,14814.53967737865,20979.86977149817,2.1826349763043686e+38,8.77889019112086e+38,1.0961525167425229e+39,-1.4143149147649505e+38,-4.424691158948863e+37,1.8991222254130845e-05,9.469426187883242e-06,2.846064844201409e-05,7.3618928478676e+46,1.0425673465631121e+47,1.778756631349872e+47,5.929548341461062e-09,1.6840907630688826e-08
261796696.16373035,3763094861465.0737,2511038039876.912,1252056821588.162,14760.299198647397,20903.05616777459,2.1666816705520623e+38,8.714723566419365e+38,1.0881405236971428e+39,-1.4072115038227686e+38,-4.424691158948863e+37,1.880093410813608e-05,9.37454448259781e-06,2.817547859073389e-05,7.371964513509118e+46,1.043993663128748e+47,1.7811901144796598e+47,5.878166305824236e-09,1.6694974067758573e-08
277196501.8204204,3782940635201.9307,2524280728307.2104,1258659906894.7207,14703.716336354713,20822.925356554602,2.1501017809243453e+38,8.648036725970637e+38,1.0798138506894983e+39,-1.3998290984937255e+38,-4.424691158948863e+37,1.860418749969515e-05,9.276442450963563e-06,2.7880629950658712e-05,7.382433617910628e+46,1.0454762636803082e+47,1.7837196254713709e+47,5.824913279837566e-09,1.654372657974583e-08
292596307.4771104,3803705927195.7134,2538136992904.6006,1265568934291.1133,14644.913638117137,20739.650885791205,2.1329389124283584e+38,8.579005055752451e+38,1.071194396818081e+39,-1.39218711445816e+38,-4.424691158948863e+37,1.8401613018308108e-05,9.175434518278972e-06,2.757704753658708e-05,7.393271535790562e+46,1.0470110943984196e+47,1.7863382479774758e+47,5.76994609788881e-09,1.638761060250595e-08
307996113.1338004,3825365054949.2803,2552589696251.703,1272775358697.5776,14584.01160356599,20653.40340314729,2.1152358078345623e+38,8.5078004736954e+38,1.0623036281529962e+39,-1.3843045834746381e+38,-4.424691158948863e+37,1.8193823929089828e-05,9.071826471536641e-06,2.7265650400626467e-05,7.404449852331359e+46,1.0485941312689382e+47,1.789039116502074e+47,5.713417877139274e-09,1.6227061014350386e-08
323395918.79049045,3847892837480.087,2567622035581.8115,1280270801898.276,14521.128147021313,20564.34989505189,2.0970341526757243e+38,8.434590645359079e+38,1.0531624798034803e+39,-1.3762000665532839e+38,-4.424691158948863e+37,1.7981413277989463e-05,8.965914016024327e-06,2.694732729401379e-05,7.41594047688686e+46,1.0502213961858204e+47,1.7918154438745064e+47,5.6554773038201045e-09,1.606250010900884e-08
338795724.44718045,3871264685807.4536,2583217603159.2397,1288047082648.2144,14456.378154844462,20472.653059837354,2.078374415744069e+38,8.35953834238739e+38,1.0437912758131459e+39,-1.3678915829351231e+38,-4.424691158948863e+37,1.776495158346882e-05,8.857981624346825e-06,2.6622933207815647e-05,7.427715737923907e+46,1.0518889703964445e+47,1.794660544188835e+47,5.596268056227439e-09,1.5894335956839206e-08
354195530.10387045,3895456674785.62,2599360434212.0845,1296096240573.5361,14389.873130989834,20378.470805781155,2.0592957225799024e+38,8.282800933660483e+38,1.0342096656240385e+39,-1.3593965537612935e+38,-4.424691158948863e+37,1.754498506966929e-05,8.74830165544553e-06,2.6293286725114822e-05,7.439748460448279e+46,1.0535930054664194e+47,1.7975678515112475e+47,5.535928354372939e-09,1.5722961125759818e-08
369595335.7605605,3920445597821.6084,2616035043444.3623,1304410554377.2466,14321.720923311395,20281.95586351015,2.039835759090867e+38,8.204529997636759e+38,1.0244365756727626e+39,-1.3507317591583015e+38,-4.424691158948863e+37,1.7322034390617562e-05,8.637133718460348e-06,2.595916810907791e-05,7.452012027362997e+46,1.0553297319689495e+47,1.8005309347052493e+47,5.474590624923328e-09,1.5548751729621805e-08
384995141.4172505,3946209006132.7207,2633226451231.754,1312982554900.9673,14252.025522640834,20183.255501461535,2.0200307022476666e+38,8.124871043600497e+38,1.0144901745848163e+39,-1.3419133073794166e+38,-4.424691158948863e+37,1.7096593792246317e-05,8.524724254895443e-06,2.5621318047141762e-05,7.464480426320748e+46,1.0570954661199208e+47,1.8035435087519958e+47,5.412381269364096e-09,1.537206676975527e-08
400394947.0739405,3972725234240.9863,2650920200633.539,1321805033607.4478,14180.886926466392,20082.511332829286,1.9999151747410867e+38,8.043963329285508e+38,1.0043878504026595e+39,-1.3329566146151389e+38,-4.424691158948863e+37,1.686913065844501e-05,8.411306312270526e-06,2.5280436970715537e-05,7.477128283676066e+46,1.0588866145861013e+47,1.806599442953708e+47,5.349420523136579e-09,1.519324773489509e-08
415794752.7306305,3999973413385.907,2669102366342.654,1330871047043.2537,14108.401059133208,19979.85920255443,1.979522220529016e+38,7.961939762521516e+38,9.941461983050532e+38,-1.323876394105199e+38,-4.424691158948863e+37,1.664008538852922e-05,8.297099483024473e-06,2.4937184871553696e-05,7.489930887131261e+46,1.0606996776921813e+47,1.8096927664053074e+47,5.285822393715566e-09,1.5012618425310953e-08
431194558.3873206,4027933474476.5054,2687759556655.5337,1340173917820.972,14034.65974078904,19875.429143347017,1.958883298325062e+38,7.878926875044388e+38,9.83781017336945e+38,-1.3146866532392845e+38,-4.424691158948863e+37,1.6409871555982392e-05,8.18230998366733e-06,2.459218153964972e-05,7.502864198615897e+46,1.0625312512447245e+47,1.8128176711063142e+47,5.221694666115455e-09,1.4830484968445783e-08
446594364.0440106,4056586142111.4233,2706878909481.845,1349707232629.5789,13959.75069775399,19769.345390371374,1.9380282902595406e+38,7.79504485733195e+38,9.73307314759149e+38,-1.3054006974134527e+38,-4.424691158948863e+37,1.6178876301691018e-05,8.067130850855712e-06,2.4246007152546728e-05,7.515904858855038e+46,1.0643780271791077e+47,1.8159685130646114e+47,5.157138965047457e-09,1.4647135995452565e-08
461994169.7007006,4085912921082.3755,2726448083338.5073,1359464837743.8684,13883.757607547432,19661.726445011784,1.9169855231595296e+38,7.710407644195597e+38,9.627393167355127e+38,-1.296031139505344e+38,-4.424691158948863e+37,1.594746091883255e-05,7.951742233030318e-06,2.3899203151862868e-05,7.529030184976325e+46,1.0662367932206443e+47,1.8191398117182768e+47,5.092250863822396e-09,1.4462842950496506e-08
477393975.35739064,4115896076650.3633,2746455244188.4077,1369440832461.956,13806.76017241779,19552.685179002965,1.8957818001313946e+38,7.625123041810039e+38,9.520904841941434e+38,-1.286589913936702e+38,-4.424691158948863e+37,1.571596159081504e-05,7.836311758368291e-06,2.355227334918333e-05,7.542218162388828e+46,1.0681044317344908e+47,1.8223262479733735e+47,5.027120031041234e-09,1.4277860507380593e-08
492793781.01408064,4146518609752.9385,2766889048896.7,1379629560856.2388,13728.834215857023,19442.32897111075,1.8744424403739084e+38,7.539292887847698e+38,9.413735328221606e+38,-1.2770882944006658e+38,-4.424691158948863e+37,1.5484690247994954e-05,7.720994961960883e-06,2.3205685209955838e-05,7.555447432044052e+46,1.0699779179215942e+47,1.8255226611259994e+47,4.961830407088933e-09,1.4092427070817667e-08
508193586.67077065,4177764228169.707,2787738625990.1245,1390025602179.5833,13650.051797215854,19330.759869446436,1.8529913253930904e+38,7.453013237361854e+38,9.306004562754944e+38,-1.267536914439512e+38,-4.424691158948863e+37,1.5253935513155067e-05,7.605935757248791e-06,2.285987127040386e-05,7.568697274066859e+46,1.0718543175005554e+47,1.8287240449072415e+47,4.896460403409501e-09,1.3906765342404833e-08
523593392.3274607,4209617314546.351,2808993554320.0728,1400623760226.2786,13570.481340148846,19218.074773366567,1.831450950024097e+38,7.36637456800446e+38,9.197825518028557e+38,-1.2579457901627966e+38,-4.424691158948863e+37,1.5023963709790951e-05,7.4912669387751816e-06,2.2515230648566134e-05,7.581947588624937e+46,1.0737307839984267e+47,1.8319255428609203e+47,4.831083118463628e-09,1.37210829339792e-08
538993197.9841506,4242062892057.382,2830643840150.033,1411419051907.349,13490.187771197341,19104.36562972955,1.8098424768860038e+38,7.279461999051543e+38,9.089304475937547e+38,-1.2483243444940347e+38,-4.424691158948863e+37,1.4795019911055203e-05,7.3771107052115315e-06,2.2172130616266735e-05,7.595178874792703e+46,1.0756045557574844e+47,1.8351224432367546e+47,4.765766565136756e-09,1.3535573013494812e-08
554393003.6408408,4275086588376.549,2852679893113.76,1422406695262.7896,13409.232665354137,18989.719639039628,1.788185793098956e+38,7.192355519528233e+38,8.98054131262719e+38,-1.2386814324247263e+38,-4.424691158948863e+37,1.4567329010694294e-05,7.263579193349448e-06,2.1830908204043742e-05,7.608372208060801e+46,1.0774729527501991e+47,1.838310173556279e+47,4.700573905163148e-09,1.3350414970826103e-08
569792809.2975308,4308674598522.2456,2875092501422.757,1433582097099.4893,13327.67439594225,18874.219467700324,1.7664995682783117e+38,7.105130221470038e+38,8.871629789748349e+38,-1.2290253668369845e+38,-4.424691158948863e+37,1.4341096800460833e-05,7.150775015321282e-06,2.1491871815782115e-05,7.62150921704663e+46,1.0793333732810552e+47,1.8414842949857182e+47,4.635563686854238e-09,1.3165775092956166e-08
585192614.9542208,4342813647053.8647,2897872806640.6606,1444940840413.2048,13245.568286579171,18757.943463221283,1.744801312986425e+38,7.017856535024805e+38,8.76265784801123e+38,-1.2193639445299272e+38,-4.424691158948863e+37,1.4116511041287579e-05,7.038791792710201e-06,2.115530283399778e-05,7.634572059875144e+46,1.081183290641675e+47,1.8446404966291893e+47,4.570790083065794e-09,1.2981807239843215e-08
600592420.6109108,4377490950013.8135,2921012278287.9062,1456478671725.9077,13162.966763387834,18640.9658697745,1.7231074369697553e+38,6.93060046269126e+38,8.653707899661016e+38,-1.2097044721504884e+38,-4.424691158948863e+37,1.3893742517976179e-05,6.927714682440366e-06,2.0821457200416546e-05,7.64754340062229e+46,1.0830202497748189e+47,1.847774589837048e+47,4.5063031269088154e-09,1.2798653513878926e-08
615992226.2676008,4412694176938.442,2944502688492.3804,1468191488446.0627,13079.9195059581,18523.35704198106,1.7014333066379027e+38,6.843423810508428e+38,8.54485711714633e+38,-1.2000537917866844e+38,-4.424691158948863e+37,1.3672946069299887e-05,6.81762089040799e-06,2.0490566959707876e-05,7.660406386145896e+46,1.084841863993248e+47,1.8508825026078375e+47,4.44214894320751e-09,1.2616444917267723e-08
631392031.9242908,4448411413198.997,2968336086860.288,1480075326338.7097,12996.473595860487,18405.183655231467,1.6797933013529538e+38,6.756384414459937e+38,8.43617771581289e+38,-1.1904183060311536e+38,-4.424691158948863e+37,1.3454261587266908e-05,6.7085801697352415e-06,2.016284175700215e-05,7.673144623569743e+46,1.0866458117910914e+47,1.853960274148066e+47,4.378369974138376e-09,1.2435301992879456e-08
646791837.5809809,4484631122880.017,2992504775705.652,1492126347174.365,12912.673661770714,18286.5089112063,1.6582008681936246e+38,6.669536360743768e+38,8.327737228937393e+38,-1.180804002365587e+38,-4.424691158948863e+37,1.3237814980866449e-05,6.6006553013144565e-06,1.9838470282180906e-05,7.685742158635514e+46,1.0884298337781217e+47,1.857004049641673e+47,4.315005197853301e-09,1.225533544517554e-08
662191643.2376709,4521342112356.82,3017001285746.296,1504340826610.5247,12828.562020483083,18167.392737574795,1.636668574940574e+38,6.5829301988872375e+38,8.219598773827811e+38,-1.1712164767531058e+38,-4.424691158948863e+37,1.3023719100948359e-05,6.4939025549727465e-06,1.9517621655921106e-05,7.69818345509363e+46,1.0901917297611504e+47,1.8600100752705134e+47,4.252090339202413e-09,1.2076646738697035e-08
677591448.8943609,4558533494694.896,3041818352348.2676,1516715142346.6294,12744.178813276556,18047.89198111204,1.615208161098308e+38,6.4966131469648614e+38,8.11182130806317e+38,-1.1616609563564097e+38,-4.424691158948863e+37,1.2812074623998048e-05,6.3883721301409175e-06,1.9200446754138965e-05,7.710453375266703e+46,1.0919293559914867e+47,1.862974693518157e+47,4.189658071935202e-09,1.1899328672349592e-08
692991254.5510509,4596194654961.456,3066948892378.931,1529245762582.5254,12659.562137253408,17928.06059369651,1.5938305868269166e+38,6.410629288409255e+38,8.004459875236171e+38,-1.1521423213252503e+38,-4.424691158948863e+37,1.2602970893486518e-05,6.284108575368434e-06,1.8887079468854952e-05,7.722537161887982e+46,1.09364062259296e+47,1.8658943387817584e+47,4.127738211977117e-09,1.1723465928341277e-08
708391060.2077409,4634315216512.312,3092385981710.8755,1541929234801.4368,12574.74817140033,17807.949810833714,1.5725460797047817e+38,6.325019760097866e+38,7.897565839802647e+38,-1.1426651256181188e+38,-4.424691158948863e+37,1.2396486718226227e-05,6.181151186400592e-06,1.8577637904626818e-05,7.734420421290909e+46,1.0953234911812766e+47,1.8687655333103673e+47,4.0663579015590086e-09,1.1549135595140946e-08
723790865.8644309,4672885008295.149,3118122833404.0405,1554762174891.1096,12489.77129722854,17687.6083225028,1.5513641792826e+38,6.239822931556043e+38,7.791187110838643e+38,-1.1332336168404867e+38,-4.424691158948863e+37,1.2192691127768738e-05,6.079534382835803e-06,1.827222551060454e-05,7.746089108004072e+46,1.096975972682409e+47,1.8715848834828162e+47,4.00554178412321e-09,1.1376407664240727e-08
739190671.521121,4711894033191.251,3144152776580.78,1567741256610.4717,12404.66421393882,17567.082436249522,1.5302937794214124e+38,6.1550745752470195e+38,7.685368354668431e+38,-1.1238517550963485e+38,-4.424691158948863e+37,1.19916440853671e-05,5.979288063623756e-06,1.7970932148990854e-05,7.757529510787706e+46,1.0985961253551286e+47,1.874349076433899e+47,3.945312170049418e-09,1.1205345500845183e-08
754590477.177811,4751332437405.863,3170469236000.6675,1580863201405.1963,12319.458048121936,17446.41623254044,1.5093431684313944e+38,6.070808028016263e+38,7.580151196447657e+38,-1.1145232308605258e+38,-4.424691158948863e+37,1.1793397159388905e-05,5.88043794184621e-06,1.7673835101235117e-05,7.768728240133937e+46,1.100182053020832e+47,1.877054877034226e+47,3.885689193332814e-09,1.1036006288863379e-08
769990282.834501,4791190480901.626,3197065712331.313,1594124768570.3137,12234.182458070583,17325.65171248607,1.4885200670506647e+38,5.987054343847999e+38,7.475574410898664e+38,-1.1052514818892102e+38,-4.424691158948863e+37,1.1597994154377367e-05,5.783005859377433e-06,1.73810000137548e-05,7.779672217239924e+46,1.101731903501954e+47,1.8796991252259465e+47,3.82669095942647e-09,1.0868441450805968e-08
785390088.491191,4831458508864.91,3223935763108.419,1607522745756.4917,12148.865732813174,17204.828938089355,1.4678316643165558e+38,5.9038424381449476e+38,7.371674102461504e+38,-1.0960397091921013e+38,-4.424691158948863e+37,1.1405471703149158e-05,5.68701008211674e-06,1.7092481785265896e-05,7.790348664454812e+46,1.1032438672690947e+47,1.882278733714576e+47,3.768333684508532e-09,1.070269704332728e-08
800789894.147881,4872126924185.8,3251072984372.2246,1621053939813.576,12063.534886018966,17083.98616523103,1.4472846513949252e+38,5.821199223794944e+38,7.268483875189869e+38,-1.086890892095334e+38,-4.424691158948863e+37,1.1215859821483704e-05,5.5924655765683344e-06,1.680832539805204e-05,7.80074509719326e+46,1.1047161762958398e+47,1.884790686015166e+47,3.7106318264794074e-09,1.05388141292792e-08
816189699.804571,4913186160928.422,3278470992964.7837,1634715167963.6387,11978.215744947142,16963.15996963642,1.4268852534412086e+38,5.739149739320959e+38,7.166034992762168e+38,-1.0778078024280154e+38,-4.424691158948863e+37,1.1029182427056533e-05,5.49938426859249e-06,1.6528566695649023e-05,7.810849317302641e+46,1.1061471031194456e+47,1.8872320348497095e+47,3.6535982080216648e-09,1.0376829127221835e-08
831589505.461261,4954626658764.933,3306123409470.2773,1648503249294.6558,11892.93303463068,16842.38536609394,1.4066392595729554e+38,5.657717269435204e+38,7.06435652900816e+38,-1.0687930178678753e+38,-4.424691158948863e+37,1.0845457824330764e-05,5.407775285182725e-06,1.625323310951349e-05,7.820649407866613e+46,1.1075349601049382e+47,1.8895999008915994e+47,3.5972441320743745e-09,1.0216774139389948e-08
846989311.1179512,4996438838345.401,3334023841779.8276,1662414996565.5745,11807.710457495943,16721.69592120971,1.3865520510369472e+38,5.576923458331552e+38,6.963475509368499e+38,-1.0598489344830296e+38,-4.424691158948863e+37,1.0664699157144375e-05,5.317645180135412e-06,1.5982344337279786e-05,7.830133729424557e+46,1.1088780989097195e+47,1.891891471852175e+47,3.541579490083233e-09,1.0058677259141363e-08
862389116.7746412,5038613077572.086,3362165869259.795,1676447208312.2917,11722.570768631833,16601.123860001328,1.3666286276574081e+38,5.496788416064277e+38,6.863417043721685e+38,-1.0509777785083834e+38,-4.424691158948863e+37,1.0486914830744086e-05,5.22899814448483e-06,1.5715912975228916e-05,7.839290917583197e+46,1.110174910145338e+47,1.8941040019036577e+47,3.486612863395892e-09,9.902562858936646e-09
877788922.4313312,5081139688751.383,3390543027505.7324,1690596661245.651,11637.535846915818,16480.700166624232,1.3468736326501528e+38,5.417330818354341e+38,6.764204451004494e+38,-1.0421816173944405e+38,-4.424691158948863e+37,1.0312108904975369e-05,5.141836202556031e-06,1.54539451075314e-05,7.84810988199627e+46,1.1114238232329873e+47,1.8962348114326143e+47,3.4323516181645456e-09,9.748451859878313e-09
893188728.0880212,5124008896592.513,3419148793661.3477,1704860102931.1658,11552.626762214139,16360.454679538425,1.3272913758893766e+38,5.338568000171947e+38,6.665859376061324e+38,-1.033462370167138e+38,-4.424691158948863e+37,1.0140281460323253e-05,5.05615939448056e-06,1.5196440854803812e-05,7.856579806685445e+46,1.1126233064489565e+47,1.898281287117501e+47,3.378801994119469e-09,9.596361983842484e-09
908588533.7447112,5167210817026.212,3447976572284.637,1719234244741.5752,11467.86383886516,16240.416181411581,1.3078858557110403e+38,5.260516043433103e+38,6.568401899144143e+38,-1.0248218171360779e+38,-4.424691158948863e+37,9.971428938436898e-06,4.971965945989218e-06,1.4943394884426116e-05,7.864690151675833e+46,1.1137718671562467e+47,1.90024088232383e+47,3.3259691875651365e-09,9.446307989201752e-09
923988339.4014012,5210735436817.318,3477019681743.775,1733715755073.5442,11383.2667156526,16120.612484051144,1.2886607793352607e+38,5.183189859141559e+38,6.47185063847682e+38,-1.0162616089878548e+38,-4.424691158948863e+37,9.805544458717802e-06,4.889252426269668e-06,1.469479688498747e-05,7.872430655918433e+46,1.1148680522184355e+47,1.9021111178102786e+47,3.2738574289414806e-09,9.29830189111208e-09
939388145.0580913,5254572593947.35,3506271341126.795,1748301252820.5552,11298.854402469256,16001.070508649664,1.269619581987538e+38,5.1066032642973075e+38,6.3762228462848455e+38,-1.0077832753000234e+38,-4.424691158948863e+37,9.64261811248689e-06,4.808013894644377e-06,1.4450632007131266e-05,7.879791341471618e+46,1.1159104485918482e+47,1.90388958273901e+47,3.222470055280489e-09,9.152353167301658e-09
954787950.7147813,5298711958745.397,3535724657650.6177,1762987301094.7803,11214.645333865028,15881.816361617772,1.2507654447957655e+38,5.0307690538810705e+38,6.281534498676836e+38,-9.993882325099693e+37,-4.424691158948863e+37,9.482637236177713e-06,4.728244036790542e-06,1.4210881272968254e-05,7.886762518913475e+46,1.1168976840920338e+47,1.9055739359833814e+47,3.171809577874998e-09,9.00846895026157e-09
970187756.3714713,5343143015748.208,3565372614556.6416,1777770401191.567,11130.657419665238,15762.875406268216,1.2321013115368208e+38,4.955699068211663e+38,6.187800379748484e+38,-9.910777913715394e+37,-4.424691158948863e+37,9.325586664932301e-06,4.649935291188354e-06,1.3975521956120656e-05,7.893334793956531e+46,1.1178284283305224e+47,1.9071619077261757e+47,3.1218777454623346e-09,8.866654206697898e-09
985587562.0281613,5387855046272.8545,3595208059481.8364,1792646986791.0186,11046.908092837117,15644.27233060279,1.2136299043032643e+38,4.881404255959807e+38,6.095034160263072e+38,-9.828531639308368e+37,-4.424691158948863e+37,9.171448967904889e-06,4.573078966448439e-06,1.3744527934353327e-05,7.899499075236129e+46,1.1187013938177884e+47,1.9086513013414013e+47,3.072675603210921e-09,8.726911905063521e-09
1000987367.6848513,5432837111688.164,3625223693296.1006,1807613418392.0642,10963.414354773577,15526.031211441765,1.195353738157258e+38,4.80789473308845e+38,6.0032484712457075e+38,-9.747154700510651e+37,-4.424691158948863e+37,9.020204666507183e-06,4.4976653501335636e-06,1.3517870016640748e-05,7.905246583243368e+46,1.1195153372283057e+47,1.9100399955526424e+47,3.024203547783143e-09,8.589243171945867e-09
1016387173.3415413,5478078037373.825,3655412059398.493,1822665977975.3328,10880.192818154628,15408.175575122832,1.1772751348354232e+38,4.735179837975777e+38,5.9124549728112e+38,-9.66665743514788e+37,-4.424691158948863e+37,8.871832436758285e-06,4.423683809654607e-06,1.3295516246412891e-05,7.91056886037299e+46,1.1202690608234965e+47,1.9113259468607956e+47,2.976461378733042e-09,8.453647438044932e-09
1031786978.9982313,5523566397358.872,3685765533466.8022,1837800863892.0706,10797.25974753784,15290.728454983993,1.15939623556494e+38,4.663268182963521e+38,5.8226644185284605e+38,-9.587049377304603e+37,-4.424691158948863e+37,8.72630929683357e-06,4.351122885786405e-06,1.3077432182619975e-05,7.915457782055988e+46,1.120961414028294e+47,1.9125071922338926e+47,2.9294483464828602e-09,8.320122574434692e-09
1047186784.6549214,5569290499634.012,3716276313656.754,1853014185977.2583,10714.631097820402,15173.712445832278,1.1417190130478693e+38,4.592167702559723e+38,5.733886715607592e+38,-9.508339310685973e+37,-4.424691158948863e+37,8.583610780840029e-06,4.279970379315822e-06,1.2863581160155851e-05,7.919905568945763e+46,1.1215912951569084e+47,1.9135818520514848e+47,2.883163197108286e-09,8.188665019760675e-09
1062586590.3116114,5615238372135.046,3746936411249.03,1868301960886.0166,10632.322550706478,15057.149755587629,1.1242452826673906e+38,4.521885698511931e+38,5.646130981179321e+38,-9.430535318514959e+37,-4.424691158948863e+37,8.44371109978115e-06,4.210213431302258e-06,1.2653924531083408e-05,7.923904800125727e+46,1.1221576532832419e+47,1.9145481332958147e+47,2.8376042141484395e-09,8.059269898987304e-09
1077986395.9683013,5661397749397.313,3777737641744.0425,1883660107653.2717,10550.34954930497,14941.062254279133,1.1069767129665074e+38,4.4524288819541496e+38,5.559405594920657e+38,-9.353644830190091e+37,-4.424691158948863e+37,8.306583290612877e-06,4.141838597400103e-06,1.2448421888012979e-05,7.927448427304772e+46,1.1226594902512083e+47,1.9154043329816856e+47,2.792769257643382e-09,7.931931134270939e-09
1093386201.6249914,5707756059883.745,3808671616406.1997,1899084443477.5461,10468.72733097429,14825.471520558713,1.089914835446715e+38,4.38380341281857e+38,5.4737182482652854e+38,-9.277674664915264e+37,-4.424691158948863e+37,8.172199354233309e-06,4.0748319166633366e-06,1.2247031270896645e-05,7.930529789965606e+46,1.1230958628199877e+47,1.916148841816548e+47,2.7486558005891857e-09,7.806641548498368e-09
1108786007.2816815,5754300413991.677,3839729734261.091,1914570679730.5864,10387.470958522523,14710.398885885797,1.07306105373121e+38,4.3160149366913994e+38,5.38907599042261e+38,-9.2026310725001e+37,-4.424691158948863e+37,8.040530383193058e-06,4.0091789752246155e-06,1.2049709358417674e-05,7.933142631428963e+46,1.1234658849389909e+47,1.916780148081887e+47,2.7052609629884447e-09,7.683392961995954e-09
1124185812.9383714,5801017592746.052,3870903174550.6865,1930114418195.366,10306.59534986342,14595.86547652516,1.0564166521344423e+38,4.249068619280895e+38,5.305485271415337e+38,-9.12851977151695e+37,-4.424691158948863e+37,7.911546679860281e-06,3.944864965214865e-06,1.1856411645075147e-05,7.935281115794676e+46,1.1237687301469965e+47,1.917296841726464e+47,2.6625815436625473e-09,7.562176282881779e-09
1139585618.5950615,5847894037189.028,3902182889653.235,1945711147535.7944,10226.11530622084,14481.89225348914,1.0399828036771545e+38,4.182969178655084e+38,5.2229519823322385e+38,-9.055345984988867e+37,-4.424691158948863e+37,7.78521786572451e-06,3.88187473926449e-06,1.1667092604989e-05,7.93693984571809e+46,1.1240036340895905e+47,1.9176976186613994e+47,2.620614049981029e-09,7.4429815915019955e-09
1154985424.2517514,5894915838478.297,3933559598476.067,1961356240002.2305,10146.045538966728,14368.50005054472,1.023760577583533e+38,4.117720915396435e+38,5.141481492979968e+38,-8.983114473771628e+37,-4.424691158948863e+37,7.661512982476401e-06,3.820192860903876e-06,1.1481705843380276e-05,7.938113880977554e+46,1.124169897148633e+47,1.9179812852463884e+47,2.579354725652941e-09,7.325798219362935e-09
1170385229.9084415,5942068728708.525,3965023780330.9316,1977044948377.5942,10066.400695170638,14255.709610395928,1.0077509462947537e+38,4.0533277408114205e+38,5.061078687106174e+38,-8.91182956778243e+37,-4.424691158948863e+37,7.540400585456484e-06,3.759803651158923e-06,1.1300204236615406e-05,7.938798757785719e+46,1.1242668871770628e+47,1.9181467629556345e+47,2.5387995767153933e-09,7.210614822942933e-09
1185785035.5651317,5989338072472.459,3996565669302.8843,1992772403169.5754,9987.195381931551,14143.541619141763,9.919547920309208e+37,3.989793203323622e+38,4.9817479953545425e+38,-8.841495195217753e+37,-4.424691158948863e+37,7.421848830024458e-06,3.7006912316166074e-06,1.1122540061641066e-05,7.938990508793936e+46,1.1242940423318539e+47,1.9181930932112476e+47,2.498944395845147e-09,7.097419452741294e-09
1201184841.2218215,6036708859180.006,4028175249124.966,2008533610055.0405,9908.444189556187,14032.016739100554,9.763729129313323e+37,3.927120513170811e+38,4.903493426102143e+38,-8.772114909893648e+37,-4.424691158948863e+37,7.305825551362003e-06,3.6428395642163505e-06,1.0948665115578354e-05,7.938685683735385e+46,1.1242508739974285e+47,1.918119442370967e+47,2.4597847851104746e-09,6.986199617897372e-09
1216584646.8785117,6084165696155.523,4059842248572.162,2024323447583.3618,9830.161713641195,13921.155640082081,9.610060288009734e+37,3.865312565518236e+38,4.8263185943192096e+38,-8.703691916832762e+37,-4.424691158948863e+37,7.192298338185597e-06,3.586232488004801e-06,1.0778530826190398e-05,7.937881370648538e+46,1.1241369697912563e+47,1.9179251068561103e+47,2.4213161772722677e-09,6.8769423466892914e-09
1231984452.5352015,6131692802535.024,4091556137389.1294,2040136665145.8958,9752.362576110523,13810.979029179975,9.45854786489335e+37,3.804371962093036e+38,4.750226748582371e+38,-8.636229096214173e+37,-4.424691158948863e+37,7.081234600812275e-06,3.5308537530748593e-06,1.0612088353887135e-05,7.936575217618252e+46,1.1239519966427563e+47,1.9176095184045814e+47,2.383533855735784e-09,6.769634243200228e-09
1247384258.1918917,6179274003986.534,4123306122767.1943,2055967881219.3406,9675.061445252835,13701.507679148071,9.309197649258608e+37,3.744301031437575e+38,4.6752207963634365e+38,-8.56972902579437e+37,-4.424691158948863e+37,6.972601633989559e-06,3.476687051894017e-06,1.0449288685883576e-05,7.93476545496707e+46,1.1236957039359566e+47,1.9171722494326635e+47,2.346432973247157e-09,6.664261540419623e-09
1262784063.8485816,6226892728278.136,4155081146387.0,2071811581891.1365,9598.27305479801,13592.762455415934,9.162014798347197e+37,3.685101847872985e+38,4.601303327707705e+38,-8.504194001900378e+37,-4.424691158948863e+37,6.866366674871369e-06,3.423716048212372e-06,1.0290082723083742e-05,7.932450917824461e+46,1.1233679267056765e+47,1.9166130184881225e+47,2.310008569422061e-09,6.560810150027517e-09
1278183869.5052717,6274532001719.346,4186869882043.9062,2087662119675.44,9522.012222065836,13484.764341790433,9.01700388150067e+37,3.626776249258006e+38,4.528476637408073e+38,-8.439626059089246e+37,-4.424691158948863e+37,6.762496956494437e-06,3.3719244037271083e-06,1.0134421360221545e-05,7.92963106899636e+46,1.1229685888762384e+47,1.915931695775874e+47,2.2742555871875987e-09,6.4592657090922606e-09
1293583675.1619618,6322174446502.395,4218660733873.88,2103513712628.5151,9446.293865214368,13377.534464882325,8.874168921515266e+37,3.569325853622537e+38,4.456742745774064e+38,-8.376026988561829e+37,-4.424691158948863e+37,6.660959757084267e-06,3.321295802667487e-06,9.982255559751753e-06,7.92630602205192e+46,1.122497706530937e+47,1.915128308736129e+47,2.2391688882125624e-09,6.359613623895032e-09
1308983480.8186517,6369802278970.798,4250441835198.146,2119360443772.6528,9371.133019609817,13271.094117288738,8.73351343338297e+37,3.5127520747498684e+38,4.386103418088165e+38,-8.313398355412715e+37,-4.424691158948863e+37,6.561722445495912e-06,3.2718139744525865e-06,9.833536419948498e-06,7.922476564538526e+46,1.1219553911996738e+47,1.9142030476535265e+47,2.204743267395625e-09,6.2618391110787146e-09
1324383286.4753418,6417397308843.119,4282201048005.22,2135196260837.9,9296.544853334417,13165.464779554928,8.595040460590331e+37,3.457056136776632e+38,4.3165601828356656e+38,-8.251741514792744e+37,-4.424691158948863e+37,6.464752523072964e-06,3.2234627145630793e-06,9.688215237636043e-06,7.918144181230082e+46,1.1213418531513051e+47,1.9131562712743133e+47,2.1709734664758515e-09,6.1659272363040285e-09
1339783092.1320317,6464940939420.203,4313925963089.1924,2151014976331.0112,9222.54468184339,13060.668140930986,8.458752609135051e+37,3.402239087874779e+38,4.248114348788284e+38,-8.191057627055313e+37,-4.424691158948863e+37,6.3700176621876406e-06,3.176225903758139e-06,9.54624356594578e-06,7.913311077307241e+46,1.1206574046763508e+47,1.911988512407075e+47,2.137854186825021e-09,6.071862950581861e-09
1355182897.7887218,6512414168804.318,4345603900863.237,2166810267941.0825,9149.147981776912,12956.726118931903,8.324652079409405e+37,3.3483018130755877e+38,4.1807670210165285e+38,-8.131347671952888e+37,-4.424691158948863e+37,6.277485741705898e-06,3.130087525759095e-06,9.407573267464992e-06,7.907980201361849e+46,1.119902463344808e+47,1.910700483480993e+47,2.1053801014766833e-09,5.979631124437799e-09
1370582703.4454117,6559797592158.572,4377221912867.2715,2182575679291.3018,9076.37040392783,12853.660877702012,8.192740696089588e+37,3.295245046291602e+38,4.114519115900561e+38,-8.0726124619455955e+37,-4.424691158948863e+37,6.187124879603865e-06,3.085031683512682e-06,9.272156563116547e-06,7.902155268111062e+46,1.1190775552228516e+47,1.909293082033958e+47,2.0735458664425834e-09,5.8892165800526514e-09
1385982509.1021018,6607071405034.656,4408766783988.499,2198304621046.158,9004.227785360847,12751.49484517781,8.063019936160564e+37,3.243069381588662e+38,4.049371375204718e+38,-8.014852654679647e+37,-4.424691158948863e+37,6.098903462945606e-06,3.0410426141385835e-06,9.139946077084189e-06,7.895840780699923e+46,1.1181833180312514e+47,1.9077673961012437e+47,2.0423461313630547e-09,5.800604121511358e-09
1401382314.758792,6654215407796.488,4440225035413.214,2213990372383.275,8932.736160673927,12650.250729035966,7.9354909551972395e+37,3.1917752837565887e+38,3.9853243792763125e+38,-7.958068764689374e+37,-4.424691158948863e+37,6.012790175416971e-06,2.9981047026583996e-06,9.01089487807537e-06,7.889042052464155e+46,1.1172205042273502e+47,1.9061247094737655e+47,2.011775549534199e-09,5.713778563281854e-09
1416782120.4154818,6701209011166.449,4471582928327.696,2229626082838.7534,8861.911772387926,12549.951531406816,7.810154612014897e+37,3.141363098223969e+38,3.9223785594254586e+38,-7.902261174373132e+37,-4.424691158948863e+37,5.9287540225963995e-06,2.956202494596199e-06,8.884956517192599e-06,7.881765228018086e+46,1.1161899839914652e+47,1.9043665067932738e+47,1.981828787351182e-09,5.628724757035607e-09
1432181926.072172,6748031242920.055,4502826468385.43,2245204774534.6255,8791.771080445456,12450.620562326296,7.687011491793679e+37,3.091833060359161e+38,3.860534209538529e+38,-7.84743014428977e+37,-4.424691158948863e+37,5.846764355130227e-06,2.9153207075342246e-06,8.762085062664452e-06,7.874017303525556e+46,1.1150927480975892e+47,1.902494478450145e+47,1.952500533203516e-09,5.5454276169116894e-09
1447581731.7288618,6794660755753.447,4533941410956.926,2260719344796.522,8722.330770795585,12352.281451893365,7.566061927775407e+37,3.0431853041971034e+38,3.799791496974644e+38,-7.793575822819421e+37,-4.424691158948863e+37,5.7667908899682805e-06,2.8754442417014063e-06,8.642235131669687e-06,7.865806146004838e+46,1.1139299106472905e+47,1.9005105252477743e+47,1.9237855058551945e-09,5.463872143317791e-09
1462981537.385552,6841075836346.682,4564913267177.47,2276162569169.2124,8653.607763036292,12254.958161092964,7.447306021624134e+37,2.995419870628623e+38,3.7401504727910365e+38,-7.740698255229288e+37,-4.424691158948863e+37,5.688803729804098e-06,2.8365581896666708e-06,8.52536191947077e-06,7.857140511511785e+46,1.112702711644751e+47,1.8984167627959296e+47,1.895678462339527e-09,5.384043445352833e-09
1478381343.042242,6887254415643.971,4595727310806.926,2291527104837.046,8585.61921708215,12158.674991238588,7.3307436625356305e+37,2.948536715086572e+38,3.681611081340135e+38,-7.688797392182388e+37,-4.424691158948863e+37,5.612773380853769e-06,2.798647845203847e-06,8.411421226057616e-06,7.848030062038896e+46,1.111412519389956e+47,1.896215525593846e+47,1.868174205395723e-09,5.305926761928138e-09
1493781148.698932,6933174080369.894,4626368585914.2705,2306805494455.624,8518.382538820597,12063.456591982522,7.216374545175638e+37,2.902535714760866e+38,3.62417316927843e+38,-7.637873097724787e+37,-4.424691158948863e+37,5.538670769097908e-06,2.7616987113902576e-06,8.300369480488165e-06,7.838485380961611e+46,1.1100608326661515e+47,1.8939093707623127e+47,1.8412675904717566e-09,5.229507481656723e-09
1509180954.355622,6978812085798.385,4656821915398.086,2321990170400.2993,8451.915384715892,11969.327967835789,7.104198186521e+37,2.857416675372231e+38,3.567836494024331e+38,-7.587925156784318e+37,-4.424691158948863e+37,5.4664672551020755e-06,2.725696507996497e-06,8.192163763098574e-06,7.828517986857343e+46,1.1086492826968462e+47,1.8915010813825806e+47,1.8149535323154794e-09,5.1547711615731505e-09
1524580760.012312,7024145369788.603,4687071910352.415,2337073459436.188,8386.23566531605,11876.314483134585,6.994213941673072e+37,2.813179337532619e+38,3.512600731699926e+38,-7.538953282211714e+37,-4.424691158948863e+37,5.396134647522912e-06,2.6906271782208755e-06,8.086761825743787e-06,7.818140345517142e+46,1.1071796348468684e+47,1.8889936693985828e+47,1.7892270111736987e-09,5.081703544739972e-09
1539980565.669002,7069150568098.929,4717102980285.485,2352047587813.4443,8321.361547614448,11784.441865384693,6.886421018708267e+37,2.7698233827183044e+38,3.458465484589131e+38,-7.490957121392994e+37,-4.424691158948863e+37,5.327645215399492e-06,2.656476894818147e-06,7.984122110217639e-06,7.807365879965115e+46,1.1056537900412807e+47,1.8863903780377923e+47,1.7640830786167886e-09,5.010290576790571e-09
1555380371.325692,7113804030987.282,4746899344196.767,2366904686790.516,8257.311456214242,11693.736206910486,6.780818492625987e+37,2.72734843887996e+38,3.4054302881425584e+38,-7.44393626245995e+37,-4.424691158948863e+37,5.260971699322198e-06,2.6232320656685516e-06,7.884203764990749e-06,7.796208978296401e+46,1.10407378587537e+47,1.88369468370501e+47,1.7395168630042818e-09,4.940518421452366e-09
1570780176.982382,7158081841102.39,4776445042515.463,2381636798586.9277,8194.104073240876,11604.223964731047,6.6774053184505655e+37,2.6857540857124667e+38,3.3534946175575233e+38,-7.3978902401239715e+37,-4.424691158948863e+37,5.1960873215650135e-06,2.5908793388299854e-06,7.786966660395e-06,7.784684999141092e+46,1.102441797388431e+47,1.8809102973025404e+47,1.7155235746050876e-09,4.8723734750890916e-09
1586179982.6390722,7201959832667.141,4805723949901.176,2396235882765.966,8131.7583369451295,11515.931958581832,6.5761803435398995e+37,2.64503985960562e+38,3.30265789395961e+38,-7.352818541156594e+37,-4.424691158948863e+37,5.132965795260789e-06,2.559405607112988e-06,7.692371402373777e-06,7.772810274559021e+46,1.1007601374737143e+47,1.8780411649296165e+47,1.6920985103841327e-09,4.8058423802956475e-09
1601579788.295762,7245413611951.122,4834719788904.822,2410693823046.3003,8070.293438936904,11428.887366997249,6.477142319150003e+37,2.6052052582955732e+38,3.2529194902105735e+38,-7.308720609538783e+37,-4.424691158948863e+37,5.071581332693541e-06,2.5287980122154558e-06,7.6003793449089965e-06,7.760602110168753e+46,1.0990312568966961e+47,1.8750914679135713e+47,1.6692370584655982e-09,4.740912038574441e-09
1616979593.9524522,7288418579025.359,4863416144485.139,2425002434540.221,8009.728819988163,11343.117721366933,6.380289911301535e+37,2.5662497452355277e+38,3.204278736365681e+38,-7.265595851299384e+37,-4.424691158948863e+37,5.011908652776462e-06,2.4990439484513367e-06,7.510952601227799e-06,7.74807878231398e+46,1.0972577438937904e+47,1.8720656221251885e+47,1.6469347022813952e-09,4.677569622117752e-09
1632379399.609142,7330949950787.856,4891796479373.162,2439153471414.6953,7950.08416434217,11258.650897876663,6.285621710991346e+37,2.528172753702966e+38,3.1567349248021004e+38,-7.223443639061942e+37,-4.424691158948863e+37,4.953922987779477e-06,2.470131066105134e-06,7.424054053884611e-06,7.735259532071437e+46,1.0954423233237713e+47,1.868968276530915e+47,1.6251870244121233e-09,4.6158025847167005e-09
1647779205.2658322,7372982785243.929,4919844150274.011,2453138634969.919,7891.37939246552,11175.515107244015,6.193136243789242e+37,2.490973690659611e+38,3.1102873150385354e+38,-7.182263316317785e+37,-4.424691158948863e+37,4.897600089365694e-06,2.442047274441806e-06,7.3396473638075e-06,7.722164555907097e+46,1.0935878553445319e+47,1.8658043109352417e+47,1.6039897101264905e-09,4.555598671813773e-09
1663179010.922522,7414492007020.557,4947542424892.105,2466949582128.4526,7833.634652179438,11093.738882158812,6.102831978857541e+37,2.4546519403792413e+38,3.0649351382649954e+38,-7.142054201442095e+37,-4.424691158948863e+37,4.842916233991799e-06,2.4147807443995206e-06,7.25769697839132e-06,7.708814992791497e+46,1.0916973335883997e+47,1.8625788328675495e+47,1.5833385506240042e-09,4.496945929712628e-09
1678578816.5792122,7455452434089.006,4974874499762.638,2480577934326.369,7776.87030810761,11013.35106233948,6.014707337428556e+37,2.4192068678574544e+38,3.02067760160031e+38,-7.102815591468611e+37,-4.424691158948863e+37,4.789848227723583e-06,2.3883199109907762e-06,7.178168138714359e-06,7.695232907591008e+46,1.0897738828100623e+47,1.859297173569163e+47,1.5632294459847503e-09,4.4398327139559464e-09
1693978622.2359023,7495838805664.739,5001823518868.626,2494015286796.114,7721.106929379461,10934.380777118824,5.928760700772951e+37,2.384637822016667e+38,2.977513892093962e+38,-7.064546765637647e+37,-4.424691158948863e+37,4.738373410514248e-06,2.362653475435658e-06,7.101026885949906e-06,7.681441270559765e+46,1.0878207559822803e+47,1.855964883038257e+47,1.5436584078292142e-09,4.384247696879779e-09
1709378427.8925922,7535625811248.48,5028372593019.437,2507253218229.045,7666.365275530173,10856.857425476102,5.844990417689662e+37,2.3509441387186702e+38,2.9354431804876365e+38,-7.027246988731068e+37,-4.424691158948863e+37,4.68846965998963e-06,2.337770407049229e-06,7.02624006703886e-06,7.667463932766856e+46,1.0858413308159678e+47,1.8525877240926534e+47,1.524621561690335e-09,4.330179874350568e-09
1724778233.5492823,7574788120766.832,5054504819963.014,2520283300803.8193,7612.666280542258,10780.810653437204,5.763394811546112e+37,2.3181251435963126e+38,2.894464624750924e+38,-6.990915514207035e+37,-4.424691158948863e+37,4.640115394781441e-06,2.313659944903556e-06,6.953775339684997e-06,7.653325597305602e+46,1.0838391056829395e+47,1.8491716654134995e+47,1.5061151490994055e-09,4.277618571689449e-09
1740178039.2059722,7613300415765.344,5080203305200.395,2533097110564.9497,7560.031034978043,10706.27032877128,5.68397218689571e+37,2.2861801547151656e+38,2.8545773734047366e+38,-6.955551587146533e+37,-4.424691158948863e+37,4.593289577446761e-06,2.2903115992834314e-06,6.883601176730193e-06,7.639051786146158e+46,1.08181769492169e+47,1.8457228735363058e+47,1.4881355293870132e-09,4.226553448787239e-09
1755577844.8626623,7651137421601.474,5105451183467.428,2545686238134.047,7508.480766157961,10633.266512919852,5.606720835697733e+37,2.255108485075241e+38,2.8157805686450144e+38,-6.921154447022852e+37,-4.424691158948863e+37,4.54797171700923e-06,2.2677151529534616e-06,6.815686869962691e-06,7.624668802509729e+46,1.0797808235089483e+47,1.842247703759921e+47,1.4706791811999047e-09,4.176974504412567e-09
1770977650.5193522,7688273940579.228,5130231640844.8545,2558042299734.3735,7458.036816346456,10561.82943010442,5.53163904316323e+37,2.2249094449623133e+38,2.7780733492786365e+38,-6.887723330304545e+37,-4.424691158948863e+37,4.504141871154957e-06,2.245860662252998e-06,6.750002533407955e-06,7.610203688662096e+46,1.0777323210825334e+47,1.8387526899487428e+47,1.4537427037345735e-09,4.128872079715476e-09
1786377456.1760423,7724684885961.927,5154527937454.3545,2570156948507.573,7408.720618915016,10491.98943356933,5.458725093248624e+37,2.195582344157532e+38,2.741454853482394e+38,-6.85525747290153e+37,-4.424691158948863e+37,4.461780648113651e-06,2.2247384580341066e-06,6.686519106147758e-06,7.595684179046221e+46,1.0756761153041509e+47,1.835244533208773e+47,1.437322817688312e-09,4.082236860928579e-09
1801777261.8327324,7760345316793.041,5178323430693.784,2582021886099.2573,7360.553672462584,10423.776968931914,5.387977273819381e+37,2.167126494014316e+38,2.7059242213962543e+38,-6.823756112464272e+37,-4.424691158948863e+37,4.420869208254418e-06,2.2043391464572666e-06,6.625208354711685e-06,7.581138648698944e+46,1.0736162245543273e+47,1.8317300894242218e+47,1.4214163659291609e-09,4.037059881269808e-09
1817177067.4894223,7795230473452.548,5201601598963.234,2593628874489.314,7313.557512880107,10357.222534621245,5.319393881498693e+37,2.139541209408581e+38,2.67148059755845e+38,-6.793218490542729e+37,-4.424691158948863e+37,4.38138926542026e-06,2.1846536096567802e-06,6.56604287507704e-06,7.566596056922931e+46,1.0715567499554189e+47,1.828216355647712e+47,1.406020313885212e-09,3.993332522048123e-09
1832576873.1461124,7829315813865.849,5224346065826.51,2604969748039.34,7267.753683364952,10292.3566394135,5.252973226225346e+37,2.1128258105719746e+38,2.6381231331945094e+38,-6.763643854615793e+37,-4.424691158948863e+37,4.34332308802938e-06,2.1656730062899063e-06,6.508996094319286e-06,7.55208588621737e+46,1.069501866723173e+47,1.82471045534491e+47,1.3911317496566277e-09,3.951046512981642e-09
1847976678.8028023,7862577050282.475,5246540624552.826,2616036425729.6494,7223.163702396793,10229.209757080458,5.188713635532862e+37,2.086979624813012e+38,2.605850988366298e+38,-6.735031459996633e+37,-4.424691158948863e+37,4.306653499963407e-06,2.1473887719797486e-06,6.454042271943156e-06,7.537638076501373e+46,1.06745581485166e+47,1.8212196225017972e+47,1.3767478838520266e-09,3.91019393173296e-09
1863376484.4594924,7894990186533.52,5268169262977.955,2626820923555.566,7179.809029705689,10167.81227819462,5.12661345856766e+37,2.062001988133252e+38,2.5746633339900182e+38,-6.707380571621838e+37,-4.424691158948863e+37,4.2713638812649545e-06,2.129792619663072e-06,6.401156500928026e-06,7.523282954700635e+46,1.0654228891415666e+47,1.81775118461163e+47,1.3628660491533135e-09,3.870767202673204e-09
1878776290.1161826,7926531555673.049,5289216188621.578,2637315367051.471,7137.711030277439,10108.194459154725,5.066671069860962e+37,2.037892246744401e+38,2.544559353730497e+38,-6.680690465730893e+37,-4.424691158948863e+37,4.237438168664135e-06,2.112876539852836e-06,6.350314708516971e-06,7.509051159805096e+46,1.0634074285871016e+47,1.8143125445676113e+47,1.3494836996136466e-09,3.832759094888119e-09
1894176095.7728724,7957177857904.32,5309665853994.703,2647512003909.6177,7096.890936458104,10050.386368519436,5.008884872867929e+37,2.0146497584918172e+38,2.51553824577861e+38,-6.654960431442042e+37,-4.424691158948863e+37,4.2048608559523e-06,2.0966328008245484e-06,6.301493656776848e-06,7.494973563544897e+46,1.0614138051423875e+47,1.8109111614968772e+47,1.3365984096944236e-09,3.7961627194429674e-09
1909575901.4295626,7986906198687.271,5329502982028.024,2657403216659.248,7057.369808238039,9994.417830762863,4.953253303287354e+37,1.99227389418974e+38,2.4875992245184754e+38,-6.630189772230409e+37,-4.424691158948863e+37,4.173616994220156e-06,2.081053948734994e-06,6.25467094295515e-06,7.481081186873728e+46,1.0594464118940994e+47,1.8075545305814723e+47,1.3242078730487009e-09,3.760971525927231e-09
1924975707.0862525,8015694126920.172,5348712591549.777,2666981535370.3955,7019.168491814234,9940.318367591892,4.899774832173707e+37,1.970764038872995e+38,2.4607415220903658e+38,-6.606377807313676e+37,-4.424691158948863e+37,4.143692191975977e-06,2.0661328076811777e-06,6.209824999657154e-06,7.467405112491436e+46,1.057509650673203e+47,1.8042501619223467e+47,1.3123099010598448e-09,3.727179298304126e-09
1940375512.7429426,8043519673084.752,5367280022739.224,2676239650345.5293,6982.307576549819,9888.11713699365,4.848447968853051e+37,1.9501195929698296e+38,2.4349643898551348e+38,-6.5835238729504415e+37,-4.424691158948863e+37,4.115072615158699e-06,2.0518624797068568e-06,6.1669350948655565e-06,7.453976393682252e+46,1.0556079191449196e+47,1.8010055585131447e+47,1.3009024211459636e-09,3.694780150094927e-09
1955775318.3996325,8070361387241.271,5385190962479.999,2685170424761.273,6946.8073504695985,9837.842870209712,4.799271263653348e+37,1.9303399734000798e+38,2.4102670997654145e+38,-6.561627323655917e+37,-4.424691158948863e+37,4.087744987059503e-06,2.038236344763437e-06,6.1259813318229395e-06,7.440825959789679e+46,1.0537455974223879e+47,1.797828193401356e+47,1.2899834748423555e-09,3.6637685189327795e-09
1971175124.0563226,8096198376757.465,5402431469535.887,2693766907221.579,6912.687754451091,9789.523806862946,4.75224331045901e+37,1.9114246146026452e+38,2.3866489456485463e+38,-6.540687533339371e+37,-4.424691158948863e+37,4.061696588164497e-06,2.025248060631533e-06,6.086944648796029e-06,7.427984518694292e+46,1.0519270342558863e+47,1.7947254861253154e+47,1.279551215676031e-09,3.6341391605259988e-09
1986574929.7130127,8121010343653.255,5418987999470.197,2702022344183.0586,6879.968335291208,9743.187628492075,4.707362749098932e+37,1.8933729694960004e+38,2.3641092444058936e+38,-6.520703896367432e+37,-4.424691158948863e+37,4.036915255930276e-06,2.0128915628090544e-06,6.04980681873933e-06,7.415482456705355e+46,1.0501565328558083e+47,1.7917047785263437e+47,1.2696039068482616e-09,3.6058871420761228e-09
2001974735.3697026,8144777621441.677,5434847429228.981,2709930192212.696,6848.66819784908,9698.86139077788,4.66462826757661e+37,1.876184510375173e+38,2.3426473371328338e+38,-6.501675828557083e+37,-4.424691158948863e+37,4.013389384503181e-06,2.0011610643712276e-06,6.014550448874409e-06,7.403349736320875e+46,1.0484383364137748e+47,1.7887733100458622e+47,1.2601399187429758e-09,3.5790078352013283e-09
2017374541.0263927,8167481211345.518,5449997081307.674,2717484130037.8447,6818.8059564853875,9656.571454773188,4.624038604150349e+37,1.8598587297484446e+38,2.3222625901634793e+38,-6.483602768101893e+37,-4.424691158948863e+37,3.99110792439233e-06,1.990051055807557e-06,5.9811589801998865e-06,7.391615792352815e+46,1.0467766133922225e+47,1.785938192627504e+47,1.2511577262807049e-09,3.553496908421212e-09
2032774346.6830826,8189102817768.838,5464424747420.525,2724678070348.314,6790.399686037543,9616.343417475495,4.585592549271e+37,1.84439514111673e+38,2.30295439604383e+38,-6.466484176434822e+37,-4.424691158948863e+37,3.9700603821056834e-06,1.979556304840362e-06,5.9496166869460455e-06,7.380309426953837e+46,1.0451754426584349e+47,1.7832063853538186e+47,1.2426559061396063e-09,3.5293503192640196e-09
2048174152.3397727,8209624882902.741,5478118711592.345,2731506171310.397,6763.466872587834,9578.20204210642,4.5492889473841785e+37,1.8297932796984645e+38,2.2847221744368823e+38,-6.450319539030679e+37,-4.424691158948863e+37,3.950236819757776e-06,1.969671856229184e-06,5.91990867598696e-06,7.369458704118719e+46,1.0436387985441735e+47,1.7805846689560454e+47,1.2346331338668402e-09,3.5065643060624787e-09
2063573957.9964626,8229030620345.677,5491067772592.658,2737962847753.02,6738.024364297734,9542.171188484852,4.515126698603359e+37,1.8160527031025387e+38,2.2675653729628747e+38,-6.435108366151095e+37,-4.424691158948863e+37,3.931627854656977e-06,1.9603930315649855e-06,5.892020886221962e-06,7.35909084426637e+46,1.0421705359167255e+47,1.7780796203433625e+47,1.227088180905171e-09,3.4851353795088494e-09
2078973763.6531527,8247304047619.975,5503261265633.336,2744042781986.6396,6714.088322595905,9508.273743900976,4.483104760259879e+37,1.803172991951741e+38,2.2514834679777292e+38,-6.420850193534673e+37,-4.424691158948863e+37,3.914224658879639e-06,1.951715429057809e-06,5.865940087937448e-06,7.349232119536867e+46,1.0407743753512108e+47,1.7756975873048976e+47,1.2200199115611536e-09,3.4650603140440653e-09
2094373569.3098428,8264430017468.497,5514689083252.231,2749740934216.2666,6691.674174019096,9476.531554914944,4.4532221483352365e+37,1.7911537504588515e+38,2.236475965292375e+38,-6.407544583034743e+37,-4.424691158948863e+37,3.898018958837769e-06,1.943634923321214e-06,5.8416538821589835e-06,7.339907750461042e+46,1.0394538884972662e+47,1.7734446635433703e+47,1.2134272799424534e-09,3.446336139159216e-09
2109773374.9665327,8280394247817.94,5525341695307.087,2755052552510.854,6670.796563014629,9446.965360517248,4.425477938780959e+37,1.7799946069575008e+38,2.2225424008355967e+38,-6.395191123207048e+37,-4.424691158948863e+37,3.883003034846463e-06,1.936147665156584e-06,5.819150700003047e-06,7.331141804677598e+46,1.0382124837356893e+47,1.771326664203449e+47,1.207309326892928e-09,3.428960130690658e-09
2125173180.6232228,8295183350298.83,5535210168006.363,2759973182292.4683,6651.469306019071,9419.594727096473,4.39987126873048e+37,1.7696952143896226e+38,2.2096823412626708e+38,-6.383789429849351e+37,-4.424691158948863e+37,3.869169720696632e-06,1.929250081340085e-06,5.798419802036716e-06,7.322957098383453e+46,1.037053392222159e+47,1.7693491020605042e+47,1.2016651769547452e-09,3.412929802191933e-09
2140572986.2799127,8308784857216.109,5544286181906.167,2764498675309.944,6633.705347131019,9394.437985664495,4.376401337607562e+37,1.7602552507512623e+38,2.1978953845120185e+38,-6.373339146494964e+37,-4.424691158948863e+37,3.856512403238256e-06,1.9229388744148632e-06,5.779451277653119e-06,7.315375101207083e+46,1.035979654415705e+47,1.7675171645364133e+47,1.1964940353873114e-09,3.398242896467017e-09
2155972791.9366026,8321187246868.956,5552562048805.666,2768625198063.2915,6617.516715695066,9371.512171788301,4.355067408134984e+37,1.7516744194982968e+38,2.187181160311795e+38,-6.363839944861889e+37,-4.424691158948863e+37,3.845025021978767e-06,1.9172110224907916e-06,5.762236044469559e-06,7.308415845190911e+46,1.0349941071890926e+47,1.7658356917081836e+47,1.1917951852727997e-09,3.3848973773495455e-09
2171372597.5932927,8332379967123.598,5560030727476.754,2772349239646.8447,6602.914486110031,9350.832968671697,4.335868807247184e+37,1.743952449913511e+38,2.1775393306382292e+38,-6.355291525259184e+37,-4.424691158948863e+37,3.834702068700821e-06,1.9120637790538813e-06,5.746765847754702e-06,7.30209783855759e+46,1.0340993716166813e+47,1.7643091554724404e+47,1.1875679847378393e-09,3.37289142181194e-09
2186772403.249983,8342353457148.707,5566685838167.647,2775667618981.0605,6589.908740166338,9332.41465381872,4.318804926910023e+37,1.737089097436313e+38,2.168969590127315e+38,-6.347693616951964e+37,-4.424691158948863e+37,3.825538587103239e-06,1.9074946727872507e-06,5.7330332598904904e-06,7.296437984915659e+46,1.0332978415325925e+47,1.7629416400241585e+47,1.1838118643202432e-09,3.3622234124864785e-09
2202172208.906673,8351099167229.292,5572521675824.297,2778577491404.9956,6578.508532205548,9316.27004969372,4.303875224850554e+37,1.7310841439562692e+38,2.1614716664413247e+38,-6.341045978486349e+37,-4.424691158948863e+37,3.817530172468538e-06,1.9035015074053452e-06,5.721031679873883e-06,7.291451508532758e+46,1.0325916729481466e+47,1.7617368238014223e+47,1.1805263245086335e-09,3.3528919306774205e-09
2217572014.563363,8358609576581.784,5577533221978.043,2781076354603.742,6568.7218573792525,9302.41047877062,4.291079225199407e+37,1.725937398071474e+38,2.155045320591415e+38,-6.33534839797549e+37,-4.424691158948863e+37,3.8106729713600437e-06,1.9000823615029147e-06,5.710755332862959e-06,7.287151886269206e+46,1.0319827744125159e+47,1.7606979630394365e+47,1.1777109334813948e-09,3.3448957499392574e-09
2232971820.2200527,8364878209100.422,5581716155252.858,2783162053847.5645,6560.555623264904,9290.84572333619,4.280416519048001e+37,1.7216486953126716e+38,2.1496903472174718e+38,-6.330600693347676e+37,-4.424691158948863e+37,3.80496368135123e-06,1.8972355884200542e-06,5.7021992697712845e-06,7.283550786721745e+46,1.031472798394461e+47,1.7598278770666353e+47,1.1753653250695804e-09,3.3382338302910243e-09
2248371625.876743,8369899646972.676,5585066860450.653,2784832786522.023,6554.015625073018,9281.583990379266,4.27188676492259e+37,1.7182178983339185e+38,2.1454065748261776e+38,-6.326802712557406e+37,-4.424691158948863e+37,3.8003995507895807e-06,1.8949598161244613e-06,5.695359366914042e-06,7.280658017076699e+46,1.0310631337558443e+47,1.7591289354635143e+47,1.1734891969662438e-09,3.3329053131305e-09
2263771431.533433,8373669542109.683,5587582436178.576,2786087105931.1074,6549.106524653545,9274.631881860292,4.265489689176772e+37,1.7156448970704666e+38,2.1421938659881438e+38,-6.323954333760162e+37,-4.424691158948863e+37,3.7969783785968905e-06,1.8932539471118614e-06,5.690232325708752e-06,7.278481478114535e+46,1.030754899379527e+47,1.7586030471909804e+47,1.1720823092021474e-09,3.328909516904971e-09
2279171237.190123,8376184625346.089,5589260700987.881,2786923924358.209,6545.83183347965,9269.99437061348,4.261225086303848e+37,1.7139296088643956e+38,2.1400521174947802e+38,-6.3220554654514915e+37,-4.424691158948863e+37,3.7946985141076043e-06,1.892117158325401e-06,5.686815672433005e-06,7.277027127744294e+46,1.0305489390052308e+47,1.7582516517796601e+47,1.171144482904993e-09,3.326245933587238e-09
2294571042.846813,8377442713372.465,5590100197999.794,2787342515372.6724,6544.193899754825,9267.674782088323,4.259092819170153e+37,1.7130719785584563e+38,2.1389812604754716e+38,-6.321106046570898e+37,-4.424691158948863e+37,3.793558856946473e-06,1.891548901094644e-06,5.685107758041117e-06,7.276298953377452e+46,1.0304458173172141e+47,1.7580757126549592e+47,1.1706755993562365e-09,3.324914225996807e-09
2309970848.503503,8377442713372.463,5590100197999.792,2787342515372.6714,6544.1938997548295,9267.674782088328,4.259092819170159e+37,1.713071978558458e+38,2.1389812604754742e+38,-6.3211060465709e+37,-4.424691158948863e+37,3.793558856946475e-06,1.8915489010946448e-06,5.68510775804112e-06,7.276298953377455e+46,1.0304458173172143e+47,1.7580757126549598e+47,1.1706755993562378e-09,3.3249142259968105e-09
2325370654.160193,8376184625346.089,5589260700987.881,2786923924358.209,6545.83183347965,9269.99437061348,4.261225086303848e+37,1.7139296088643956e+38,2.1400521174947802e+38,-6.3220554654514915e+37,-4.424691158948863e+37,3.7946985141076043e-06,1.892117158325401e-06,5.686815672433005e-06,7.277027127744294e+46,1.0305489390052308e+47,1.7582516517796601e+47,1.171144482904993e-09,3.326245933587238e-09
2340770459.816883,8373669542109.683,5587582436178.576,2786087105931.1074,6549.106524653545,9274.631881860292,4.265489689176772e+37,1.7156448970704666e+38,2.1421938659881438e+38,-6.323954333760162e+37,-4.424691158948863e+37,3.7969783785968905e-06,1.8932539471118614e-06,5.690232325708752e-06,7.278481478114535e+46,1.030754899379527e+47,1.7586030471909804e+47,1.1720823092021474e-09,3.328909516904971e-09
2356170265.473573,8369899646972.676,5585066860450.653,2784832786522.023,6554.015625073018,9281.583990379266,4.27188676492259e+37,1.7182178983339185e+38,2.1454065748261776e+38,-6.326802712557406e+37,-4.424691158948863e+37,3.8003995507895807e-06,1.8949598161244613e-06,5.695359366914042e-06,7.280658017076699e+46,1.0310631337558443e+47,1.7591289354635143e+47,1.1734891969662438e-09,3.3329053131305e-09
2371570071.1302633,8364878209100.423,5581716155252.859,2783162053847.565,6560.555623264902,9290.845723336186,4.280416519047999e+37,1.72164869531267e+38,2.14969034721747e+38,-6.330600693347675e+37,-4.424691158948863e+37,3.8049636813512293e-06,1.8972355884200537e-06,5.702199269771283e-06,7.283550786721745e+46,1.0314727983944607e+47,1.7598278770666353e+47,1.1753653250695797e-09,3.3382338302910227e-09
2386969876.786953,8358609576581.784,5577533221978.043,2781076354603.742,6568.7218573792525,9302.41047877062,4.291079225199407e+37,1.725937398071474e+38,2.155045320591415e+38,-6.33534839797549e+37,-4.424691158948863e+37,3.8106729713600437e-06,1.9000823615029147e-06,5.710755332862959e-06,7.287151886269206e+46,1.0319827744125159e+47,1.7606979630394365e+47,1.1777109334813948e-09,3.3448957499392574e-09
2402369682.443643,8351099167229.292,5572521675824.297,2778577491404.9956,6578.508532205548,9316.27004969372,4.303875224850554e+37,1.7310841439562692e+38,2.1614716664413247e+38,-6.341045978486349e+37,-4.424691158948863e+37,3.817530172468538e-06,1.9035015074053452e-06,5.721031679873883e-06,7.291451508532758e+46,1.0325916729481466e+47,1.7617368238014223e+47,1.1805263245086335e-09,3.3528919306774205e-09
2417769488.100333,8342353457148.707,5566685838167.647,2775667618981.0605,6589.908740166338,9332.41465381872,4.318804926910023e+37,1.737089097436313e+38,2.168969590127315e+38,-6.347693616951964e+37,-4.424691158948863e+37,3.825538587103239e-06,1.9074946727872507e-06,5.7330332598904904e-06,7.296437984915659e+46,1.0332978415325925e+47,1.7629416400241585e+47,1.1838118643202432e-09,3.3622234124864785e-09
2433169293.7570233,8332379967123.598,5560030727476.754,2772349239646.8447,6602.914486110031,9350.832968671697,4.335868807247184e+37,1.743952449913511e+38,2.1775393306382292e+38,-6.355291525259184e+37,-4.424691158948863e+37,3.834702068700821e-06,1.9120637790538813e-06,5.746765847754702e-06,7.30209783855759e+46,1.0340993716166813e+47,1.7643091554724404e+47,1.1875679847378393e-09,3.37289142181194e-09
2448569099.413713,8321187246868.956,5552562048805.666,2768625198063.2915,6617.516715695066,9371.512171788301,4.355067408134984e+37,1.7516744194982968e+38,2.187181160311795e+38,-6.363839944861889e+37,-4.424691158948863e+37,3.845025021978767e-06,1.9172110224907916e-06,5.762236044469559e-06,7.308415845190911e+46,1.0349941071890926e+47,1.7658356917081836e+47,1.1917951852727997e-09,3.3848973773495455e-09
2463968905.070403,8308784857216.109,5544286181906.167,2764498675309.944,6633.705347131019,9394.437985664495,4.376401337607562e+37,1.7602552507512623e+38,2.1978953845120185e+38,-6.373339146494964e+37,-4.424691158948863e+37,3.856512403238256e-06,1.9229388744148632e-06,5.779451277653119e-06,7.315375101207083e+46,1.035979654415705e+47,1.7675171645364133e+47,1.1964940353873114e-09,3.398242896467017e-09
2479368710.727093,8295183350298.83,5535210168006.363,2759973182292.4683,6651.469306019071,9419.594727096473,4.39987126873048e+37,1.7696952143896226e+38,2.2096823412626708e+38,-6.383789429849351e+37,-4.424691158948863e+37,3.869169720696632e-06,1.929250081340085e-06,5.798419802036716e-06,7.322957098383453e+46,1.037053392222159e+47,1.7693491020605042e+47,1.2016651769547452e-09,3.412929802191933e-09
2494768516.3837833,8280394247817.94,5525341695307.087,2755052552510.854,6670.796563014629,9446.965360517248,4.425477938780959e+37,1.7799946069575008e+38,2.2225424008355967e+38,-6.395191123207048e+37,-4.424691158948863e+37,3.883003034846463e-06,1.936147665156584e-06,5.819150700003047e-06,7.331141804677598e+46,1.0382124837356893e+47,1.771326664203449e+47,1.207309326892928e-09,3.428960130690658e-09
2510168322.0404735,8264430017468.497,5514689083252.231,2749740934216.2666,6691.674174019096,9476.531554914944,4.4532221483352365e+37,1.7911537504588515e+38,2.236475965292375e+38,-6.407544583034743e+37,-4.424691158948863e+37,3.898018958837769e-06,1.943634923321214e-06,5.8416538821589835e-06,7.339907750461042e+46,1.0394538884972662e+47,1.7734446635433703e+47,1.2134272799424534e-09,3.446336139159216e-09
2525568127.697163,8247304047619.978,5503261265633.338,2744042781986.6406,6714.0883225959005,9508.273743900972,4.483104760259873e+37,1.8031729919517396e+38,2.251483467977727e+38,-6.42085019353467e+37,-4.424691158948863e+37,3.914224658879635e-06,1.9517154290578077e-06,5.865940087937443e-06,7.349232119536864e+46,1.0407743753512106e+47,1.775697587304897e+47,1.2200199115611523e-09,3.465060314044063e-09
2540967933.353853,8229030620345.678,5491067772592.658,2737962847753.02,6738.024364297734,9542.171188484852,4.515126698603359e+37,1.8160527031025387e+38,2.2675653729628747e+38,-6.435108366151094e+37,-4.424691158948863e+37,3.931627854656976e-06,1.9603930315649847e-06,5.89202088622196e-06,7.35909084426637e+46,1.0421705359167255e+47,1.7780796203433625e+47,1.227088180905171e-09,3.4851353795088494e-09
2556367739.0105433,8209624882902.741,5478118711592.345,2731506171310.397,6763.466872587834,9578.20204210642,4.5492889473841785e+37,1.8297932796984645e+38,2.2847221744368823e+38,-6.450319539030679e+37,-4.424691158948863e+37,3.950236819757776e-06,1.969671856229184e-06,5.91990867598696e-06,7.369458704118719e+46,1.0436387985441735e+47,1.7805846689560454e+47,1.2346331338668402e-09,3.5065643060624787e-09
2571767544.6672335,8189102817768.838,5464424747420.525,2724678070348.314,6790.399686037543,9616.343417475495,4.585592549271e+37,1.84439514111673e+38,2.30295439604383e+38,-6.466484176434822e+37,-4.424691158948863e+37,3.9700603821056834e-06,1.979556304840362e-06,5.9496166869460455e-06,7.380309426953837e+46,1.0451754426584349e+47,1.7832063853538186e+47,1.2426559061396063e-09,3.5293503192640196e-09
2587167350.3239236,8167481211345.518,5449997081307.674,2717484130037.8447,6818.8059564853875,9656.571454773188,4.624038604150349e+37,1.8598587297484446e+38,2.3222625901634793e+38,-6.483602768101893e+37,-4.424691158948863e+37,3.99110792439233e-06,1.990051055807557e-06,5.9811589801998865e-06,7.391615792352815e+46,1.0467766133922225e+47,1.785938192627504e+47,1.2511577262807049e-09,3.553496908421212e-09
2602567155.980613,8144777621441.677,5434847429228.981,2709930192212.696,6848.66819784908,9698.86139077788,4.66462826757661e+37,1.876184510375173e+38,2.3426473371328338e+38,-6.501675828557083e+37,-4.424691158948863e+37,4.013389384503181e-06,2.0011610643712276e-06,6.014550448874409e-06,7.403349736320875e+46,1.0484383364137748e+47,1.7887733100458622e+47,1.2601399187429758e-09,3.5790078352013283e-09
2617966961.6373034,8121010343653.255,5418987999470.197,2702022344183.0586,6879.968335291208,9743.187628492075,4.707362749098932e+37,1.8933729694960004e+38,2.3641092444058936e+38,-6.520703896367432e+37,-4.424691158948863e+37,4.036915255930276e-06,2.0128915628090544e-06,6.04980681873933e-06,7.415482456705355e+46,1.0501565328558083e+47,1.7917047785263437e+47,1.2696039068482616e-09,3.6058871420761228e-09
2633366767.2939935,8096198376757.467,5402431469535.888,2693766907221.5796,6912.68775445109,9789.523806862944,4.752243310459009e+37,1.9114246146026445e+38,2.386648945648545e+38,-6.540687533339369e+37,-4.424691158948863e+37,4.061696588164496e-06,2.025248060631532e-06,6.0869446487960275e-06,7.427984518694293e+46,1.0519270342558863e+47,1.7947254861253156e+47,1.2795512156760307e-09,3.6341391605259975e-09
2648766572.9506836,8070361387241.271,5385190962479.999,2685170424761.273,6946.8073504695985,9837.842870209712,4.799271263653348e+37,1.9303399734000798e+38,2.4102670997654145e+38,-6.561627323655917e+37,-4.424691158948863e+37,4.087744987059503e-06,2.038236344763437e-06,6.1259813318229395e-06,7.440825959789679e+46,1.0537455974223879e+47,1.797828193401356e+47,1.2899834748423555e-09,3.6637685189327795e-09
2664166378.6073737,8043519673084.754,5367280022739.225,2676239650345.53,6982.307576549817,9888.117136993644,4.848447968853048e+37,1.9501195929698274e+38,2.434964389855132e+38,-6.583523872950441e+37,-4.424691158948863e+37,4.115072615158698e-06,2.051862479706856e-06,6.166935094865553e-06,7.453976393682252e+46,1.0556079191449192e+47,1.8010055585131443e+47,1.3009024211459631e-09,3.694780150094924e-09
2679566184.2640634,8015694126920.175,5348712591549.779,2666981535370.3965,7019.168491814231,9940.318367591886,4.899774832173703e+37,1.9707640388729927e+38,2.460741522090363e+38,-6.606377807313674e+37,-4.424691158948863e+37,4.143692191975973e-06,2.066132807681176e-06,6.209824999657149e-06,7.467405112491436e+46,1.0575096506732028e+47,1.8042501619223463e+47,1.3123099010598437e-09,3.727179298304123e-09
2694965989.9207535,7986906198687.2705,5329502982028.023,2657403216659.2476,7057.3698082380415,9994.417830762864,4.953253303287358e+37,1.9922738941897408e+38,2.4875992245184765e+38,-6.630189772230409e+37,-4.424691158948863e+37,4.173616994220157e-06,2.0810539487349943e-06,6.254670942955152e-06,7.481081186873729e+46,1.0594464118940994e+47,1.8075545305814723e+47,1.3242078730487017e-09,3.7609715259272316e-09
2710365795.5774436,7957177857904.319,5309665853994.703,2647512003909.617,7096.890936458104,10050.386368519441,5.008884872867929e+37,2.014649758491819e+38,2.515538245778612e+38,-6.654960431442043e+37,-4.424691158948863e+37,4.204860855952301e-06,2.0966328008245492e-06,6.30149365677685e-06,7.494973563544897e+46,1.0614138051423879e+47,1.8109111614968776e+47,1.3365984096944236e-09,3.796162719442971e-09
2725765601.2341337,7926531555673.049,5289216188621.578,2637315367051.471,7137.711030277439,10108.194459154725,5.066671069860962e+37,2.037892246744401e+38,2.544559353730497e+38,-6.680690465730893e+37,-4.424691158948863e+37,4.237438168664135e-06,2.112876539852836e-06,6.350314708516971e-06,7.509051159805096e+46,1.0634074285871016e+47,1.8143125445676113e+47,1.3494836996136466e-09,3.832759094888119e-09
2741165406.8908234,7894990186533.52,5268169262977.955,2626820923555.566,7179.809029705689,10167.81227819462,5.12661345856766e+37,2.062001988133252e+38,2.5746633339900182e+38,-6.707380571621838e+37,-4.424691158948863e+37,4.2713638812649545e-06,2.129792619663072e-06,6.401156500928026e-06,7.523282954700635e+46,1.0654228891415666e+47,1.81775118461163e+47,1.3628660491533135e-09,3.870767202673204e-09
2756565212.5475135,7862577050282.478,5246540624552.828,2616036425729.6504,7223.163702396789,10229.209757080453,5.188713635532856e+37,2.086979624813009e+38,2.605850988366295e+38,-6.735031459996631e+37,-4.424691158948863e+37,4.306653499963405e-06,2.1473887719797473e-06,6.454042271943153e-06,7.53763807650137e+46,1.0674558148516598e+47,1.8212196225017968e+47,1.3767478838520251e-09,3.910193931732957e-09
2771965018.2042036,7829315813865.849,5224346065826.51,2604969748039.34,7267.753683364952,10292.3566394135,5.252973226225346e+37,2.1128258105719746e+38,2.6381231331945094e+38,-6.763643854615793e+37,-4.424691158948863e+37,4.34332308802938e-06,2.1656730062899063e-06,6.508996094319286e-06,7.55208588621737e+46,1.069501866723173e+47,1.82471045534491e+47,1.3911317496566277e-09,3.951046512981642e-09
2787364823.8608937,7795230473452.548,5201601598963.234,2593628874489.314,7313.557512880107,10357.222534621245,5.319393881498693e+37,2.139541209408581e+38,2.67148059755845e+38,-6.793218490542729e+37,-4.424691158948863e+37,4.38138926542026e-06,2.1846536096567802e-06,6.56604287507704e-06,7.566596056922931e+46,1.0715567499554189e+47,1.828216355647712e+47,1.406020313885212e-09,3.993332522048123e-09
2802764629.517584,7760345316793.041,5178323430693.784,2582021886099.2573,7360.553672462584,10423.776968931914,5.387977273819381e+37,2.167126494014316e+38,2.7059242213962543e+38,-6.823756112464272e+37,-4.424691158948863e+37,4.420869208254418e-06,2.2043391464572666e-06,6.625208354711685e-06,7.581138648698944e+46,1.0736162245543273e+47,1.8317300894242218e+47,1.4214163659291609e-09,4.037059881269808e-09
2818164435.1742735,7724684885961.933,5154527937454.358,2570156948507.575,7408.720618915007,10491.989433569319,5.458725093248612e+37,2.1955823441575278e+38,2.741454853482389e+38,-6.855257472901524e+37,-4.424691158948863e+37,4.461780648113645e-06,2.2247384580341037e-06,6.686519106147749e-06,7.595684179046219e+46,1.0756761153041505e+47,1.8352445332087726e+47,1.4373228176883093e-09,4.082236860928571e-09
2833564240.8309636,7688273940579.228,5130231640844.8545,2558042299734.3735,7458.036816346456,10561.82943010442,5.53163904316323e+37,2.2249094449623133e+38,2.7780733492786365e+38,-6.887723330304545e+37,-4.424691158948863e+37,4.504141871154957e-06,2.245860662252998e-06,6.750002533407955e-06,7.610203688662096e+46,1.0777323210825334e+47,1.8387526899487428e+47,1.4537427037345735e-09,4.128872079715476e-09
2848964046.4876537,7651137421601.474,5105451183467.428,2545686238134.047,7508.480766157961,10633.266512919852,5.606720835697733e+37,2.255108485075241e+38,2.8157805686450144e+38,-6.921154447022852e+37,-4.424691158948863e+37,4.54797171700923e-06,2.2677151529534616e-06,6.815686869962691e-06,7.624668802509729e+46,1.0797808235089483e+47,1.842247703759921e+47,1.4706791811999047e-09,4.176974504412567e-09
2864363852.144344,7613300415765.345,5080203305200.3955,2533097110564.95,7560.031034978041,10706.270328771276,5.683972186895708e+37,2.286180154715164e+38,2.8545773734047347e+38,-6.955551587146532e+37,-4.424691158948863e+37,4.59328957744676e-06,2.290311599283431e-06,6.883601176730191e-06,7.639051786146157e+46,1.0818176949216898e+47,1.8457228735363058e+47,1.4881355293870126e-09,4.226553448787237e-09
2879763657.801034,7574788120766.832,5054504819963.014,2520283300803.8193,7612.666280542258,10780.810653437204,5.763394811546112e+37,2.3181251435963126e+38,2.894464624750924e+38,-6.990915514207035e+37,-4.424691158948863e+37,4.640115394781441e-06,2.313659944903556e-06,6.953775339684997e-06,7.653325597305602e+46,1.0838391056829395e+47,1.8491716654134995e+47,1.5061151490994055e-09,4.277618571689449e-09
2895163463.4577236,7535625811248.482,5028372593019.4375,2507253218229.0454,7666.365275530172,10856.857425476099,5.84499041768966e+37,2.3509441387186687e+38,2.9354431804876346e+38,-7.027246988731067e+37,-4.424691158948863e+37,4.688469659989628e-06,2.3377704070492276e-06,7.0262400670388554e-06,7.667463932766857e+46,1.0858413308159676e+47,1.8525877240926534e+47,1.5246215616903345e-09,4.330179874350565e-09
2910563269.1144137,7495838805664.738,5001823518868.626,2494015286796.1133,7721.106929379461,10934.380777118828,5.928760700772951e+37,2.384637822016668e+38,2.9775138920939632e+38,-7.064546765637648e+37,-4.424691158948863e+37,4.73837341051425e-06,2.3626534754356584e-06,7.101026885949908e-06,7.681441270559765e+46,1.0878207559822805e+47,1.855964883038257e+47,1.5436584078292142e-09,4.384247696879781e-09
2925963074.771104,7455452434089.005,4974874499762.637,2480577934326.3687,7776.870308107612,11013.351062339481,6.014707337428559e+37,2.419206867857455e+38,3.020677601600311e+38,-7.102815591468612e+37,-4.424691158948863e+37,4.789848227723584e-06,2.3883199109907766e-06,7.17816813871436e-06,7.695232907591008e+46,1.0897738828100623e+47,1.859297173569163e+47,1.563229445984751e-09,4.439832713955948e-09
2941362880.427794,7414492007020.557,4947542424892.105,2466949582128.4526,7833.634652179438,11093.738882158812,6.102831978857541e+37,2.4546519403792413e+38,3.0649351382649954e+38,-7.142054201442095e+37,-4.424691158948863e+37,4.842916233991799e-06,2.4147807443995206e-06,7.25769697839132e-06,7.708814992791497e+46,1.0916973335883997e+47,1.8625788328675495e+47,1.5833385506240042e-09,4.496945929712628e-09
2956762686.084484,7372982785243.925,4919844150274.008,2453138634969.9175,7891.3793924655265,11175.515107244024,6.1931362437892515e+37,2.4909736906596148e+38,3.11028731503854e+38,-7.1822633163177885e+37,-4.424691158948863e+37,4.897600089365699e-06,2.442047274441809e-06,7.339647363807508e-06,7.722164555907099e+46,1.093587855344532e+47,1.8658043109352417e+47,1.6039897101264928e-09,4.555598671813779e-09
2972162491.7411737,7330949950787.856,4891796479373.162,2439153471414.6953,7950.08416434217,11258.650897876663,6.285621710991346e+37,2.528172753702966e+38,3.1567349248021004e+38,-7.223443639061942e+37,-4.424691158948863e+37,4.953922987779477e-06,2.470131066105134e-06,7.424054053884611e-06,7.735259532071437e+46,1.0954423233237713e+47,1.868968276530915e+47,1.6251870244121233e-09,4.6158025847167005e-09
2987562297.397864,7288418579025.361,4863416144485.141,2425002434540.2217,8009.728819988158,11343.117721366929,6.380289911301526e+37,2.5662497452355258e+38,3.2042787363656785e+38,-7.265595851299381e+37,-4.424691158948863e+37,5.011908652776459e-06,2.499043948451335e-06,7.510952601227794e-06,7.748078782313978e+46,1.0972577438937904e+47,1.872065622125188e+47,1.6469347022813936e-09,4.67756962211775e-09
3002962103.054554,7245413611951.121,4834719788904.822,2410693823046.3,8070.293438936904,11428.88736699725,6.477142319150003e+37,2.605205258295574e+38,3.2529194902105742e+38,-7.308720609538784e+37,-4.424691158948863e+37,5.0715813326935424e-06,2.5287980122154566e-06,7.600379344908999e-06,7.760602110168753e+46,1.0990312568966961e+47,1.8750914679135713e+47,1.6692370584655982e-09,4.740912038574443e-09
3018361908.711244,7201959832667.141,4805723949901.176,2396235882765.966,8131.7583369451295,11515.931958581832,6.5761803435398995e+37,2.64503985960562e+38,3.30265789395961e+38,-7.352818541156594e+37,-4.424691158948863e+37,5.132965795260789e-06,2.559405607112988e-06,7.692371402373777e-06,7.772810274559021e+46,1.1007601374737143e+47,1.8780411649296165e+47,1.6920985103841327e-09,4.8058423802956475e-09
3033761714.3679338,7158081841102.39,4776445042515.463,2381636798586.9277,8194.104073240876,11604.223964731047,6.6774053184505655e+37,2.6857540857124667e+38,3.3534946175575233e+38,-7.3978902401239715e+37,-4.424691158948863e+37,5.1960873215650135e-06,2.5908793388299854e-06,7.786966660395e-06,7.784684999141092e+46,1.102441797388431e+47,1.8809102973025404e+47,1.7155235746050876e-09,4.8723734750890916e-09
3049161520.024624,7113804030987.283,4746899344196.768,2366904686790.5166,8257.311456214238,11693.736206910482,6.78081849262598e+37,2.7273484388799585e+38,3.405430288142557e+38,-7.4439362624599495e+37,-4.424691158948863e+37,5.260971699322197e-06,2.623232065668551e-06,7.884203764990749e-06,7.796208978296399e+46,1.10407378587537e+47,1.88369468370501e+47,1.7395168630042806e-09,4.940518421452362e-09
3064561325.681314,7069150568098.927,4717102980285.483,2352047587813.444,8321.361547614451,11784.441865384695,6.886421018708273e+37,2.7698233827183055e+38,3.458465484589133e+38,-7.490957121392996e+37,-4.424691158948863e+37,5.3276452153994945e-06,2.6564768948181484e-06,7.984122110217642e-06,7.807365879965117e+46,1.1056537900412807e+47,1.8863903780377923e+47,1.76408307861679e-09,5.0102905767905725e-09
3079961131.338004,7024145369788.599,4687071910352.413,2337073459436.1865,8386.235665316055,11876.314483134594,6.994213941673081e+37,2.8131793375326233e+38,3.5126007316999314e+38,-7.538953282211718e+37,-4.424691158948863e+37,5.396134647522918e-06,2.6906271782208785e-06,8.086761825743796e-06,7.818140345517144e+46,1.1071796348468684e+47,1.8889936693985828e+47,1.7892270111737006e-09,5.0817035447399786e-09
3095360936.994694,6978812085798.385,4656821915398.086,2321990170400.2993,8451.915384715892,11969.327967835789,7.104198186521e+37,2.857416675372231e+38,3.567836494024331e+38,-7.587925156784318e+37,-4.424691158948863e+37,5.4664672551020755e-06,2.725696507996497e-06,8.192163763098574e-06,7.828517986857343e+46,1.1086492826968462e+47,1.8915010813825806e+47,1.8149535323154794e-09,5.1547711615731505e-09
3110760742.651384,6933174080369.895,4626368585914.271,2306805494455.624,8518.382538820595,12063.456591982522,7.2163745451756345e+37,2.902535714760866e+38,3.624173169278429e+38,-7.637873097724785e+37,-4.424691158948863e+37,5.538670769097907e-06,2.761698711390257e-06,8.300369480488165e-06,7.838485380961611e+46,1.1100608326661515e+47,1.8939093707623127e+47,1.8412675904717558e-09,5.229507481656723e-09
3126160548.308074,6887254415643.974,4595727310806.928,2291527104837.047,8585.619217082145,12158.67499123858,7.33074366253562e+37,2.9485367150865688e+38,3.6816110813401305e+38,-7.688797392182385e+37,-4.424691158948863e+37,5.612773380853764e-06,2.7986478452038444e-06,8.411421226057608e-06,7.848030062038894e+46,1.1114125193899559e+47,1.896215525593845e+47,1.868174205395721e-09,5.3059267619281325e-09
3141560353.964764,6841075836346.683,4564913267177.471,2276162569169.213,8653.60776303629,12254.958161092962,7.44730602162413e+37,2.9954198706286223e+38,3.740150472791035e+38,-7.740698255229287e+37,-4.424691158948863e+37,5.688803729804096e-06,2.83655818966667e-06,8.525361919470766e-06,7.857140511511786e+46,1.1127027116447513e+47,1.89841676279593e+47,1.895678462339526e-09,5.384043445352832e-09
3156960159.6214542,6794660755753.446,4533941410956.926,2260719344796.5215,8722.330770795585,12352.281451893366,7.566061927775407e+37,3.043185304197104e+38,3.7997914969746446e+38,-7.793575822819422e+37,-4.424691158948863e+37,5.766790889968283e-06,2.875444241701407e-06,8.64223513166969e-06,7.865806146004838e+46,1.1139299106472905e+47,1.9005105252477743e+47,1.9237855058551945e-09,5.4638721433177926e-09
3172359965.2781444,6748031242920.055,4502826468385.43,2245204774534.6255,8791.771080445456,12450.620562326296,7.687011491793679e+37,3.091833060359161e+38,3.860534209538529e+38,-7.84743014428977e+37,-4.424691158948863e+37,5.846764355130227e-06,2.9153207075342246e-06,8.762085062664452e-06,7.874017303525556e+46,1.1150927480975892e+47,1.902494478450145e+47,1.952500533203516e-09,5.5454276169116894e-09
3187759770.934834,6701209011166.451,4471582928327.697,2229626082838.7544,8861.911772387923,12549.951531406808,7.810154612014891e+37,3.1413630982239654e+38,3.922378559425455e+38,-7.90226117437313e+37,-4.424691158948863e+37,5.928754022596396e-06,2.9562024945961974e-06,8.884956517192593e-06,7.881765228018084e+46,1.116189983991465e+47,1.9043665067932734e+47,1.981828787351181e-09,5.6287247570356015e-09
3203159576.591524,6654215407796.487,4440225035413.214,2213990372383.2744,8932.736160673927,12650.25072903597,7.9354909551972395e+37,3.1917752837565906e+38,3.985324379276315e+38,-7.958068764689375e+37,-4.424691158948863e+37,6.012790175416972e-06,2.9981047026584e-06,9.010894878075372e-06,7.889042052464155e+46,1.1172205042273502e+47,1.9061247094737655e+47,2.011775549534199e-09,5.7137785632818576e-09
3218559382.2482142,6607071405034.659,4408766783988.501,2198304621046.159,9004.227785360843,12751.494845177802,8.063019936160557e+37,3.2430693815886583e+38,4.049371375204714e+38,-8.014852654679643e+37,-4.424691158948863e+37,6.098903462945601e-06,3.041042614138581e-06,9.139946077084182e-06,7.895840780699924e+46,1.1181833180312514e+47,1.9077673961012437e+47,2.0423461313630526e-09,5.800604121511353e-09
3233959187.9049044,6559797592158.572,4377221912867.2715,2182575679291.3018,9076.37040392783,12853.660877702012,8.192740696089588e+37,3.295245046291602e+38,4.114519115900561e+38,-8.0726124619455955e+37,-4.424691158948863e+37,6.187124879603865e-06,3.085031683512682e-06,9.272156563116547e-06,7.902155268111062e+46,1.1190775552228516e+47,1.909293082033958e+47,2.0735458664425834e-09,5.8892165800526514e-09
3249358993.561594,6512414168804.316,4345603900863.2354,2166810267941.0818,9149.147981776916,12956.726118931907,8.324652079409412e+37,3.3483018130755896e+38,4.180767021016531e+38,-8.131347671952891e+37,-4.424691158948863e+37,6.277485741705902e-06,3.1300875257590972e-06,9.407573267464999e-06,7.90798020136185e+46,1.119902463344808e+47,1.910700483480993e+47,2.105380101476685e-09,5.9796311244378025e-09
3264758799.218284,6464940939420.205,4313925963089.194,2151014976331.012,9222.544681843387,13060.668140930984,8.458752609135044e+37,3.402239087874778e+38,4.248114348788282e+38,-8.191057627055311e+37,-4.424691158948863e+37,6.370017662187637e-06,3.176225903758137e-06,9.546243565945775e-06,7.913311077307241e+46,1.120657404676351e+47,1.9119885124070752e+47,2.1378541868250193e-09,6.071862950581858e-09
3280158604.8749743,6417397308843.118,4282201048005.219,2135196260837.8994,9296.544853334419,13165.46477955493,8.595040460590335e+37,3.457056136776633e+38,4.316560182835666e+38,-8.2517415147927455e+37,-4.424691158948863e+37,6.464752523072965e-06,3.22346271456308e-06,9.688215237636046e-06,7.918144181230081e+46,1.121341853151305e+47,1.913156271274313e+47,2.1709734664758524e-09,6.165927236304031e-09
3295558410.5316644,6369802278970.796,4250441835198.1445,2119360443772.652,9371.133019609822,13271.094117288743,8.733513433382979e+37,3.5127520747498714e+38,4.386103418088169e+38,-8.313398355412718e+37,-4.424691158948863e+37,6.561722445495916e-06,3.2718139744525886e-06,9.833536419948505e-06,7.922476564538529e+46,1.121955391199674e+47,1.914203047653527e+47,2.204743267395627e-09,6.261839111078719e-09
3310958216.1883545,6322174446502.393,4218660733873.879,2103513712628.5146,9446.293865214371,13377.534464882327,8.874168921515274e+37,3.569325853622538e+38,4.456742745774065e+38,-8.376026988561831e+37,-4.424691158948863e+37,6.660959757084271e-06,3.321295802667489e-06,9.98225555975176e-06,7.926306022051921e+46,1.1224977065309368e+47,1.915128308736129e+47,2.2391688882125637e-09,6.359613623895035e-09
3326358021.845044,6274532001719.348,4186869882043.9077,2087662119675.4407,9522.012222065832,13484.764341790427,9.017003881500665e+37,3.626776249258003e+38,4.5284766374080694e+38,-8.439626059089243e+37,-4.424691158948863e+37,6.762496956494433e-06,3.371924403727106e-06,1.013442136022154e-05,7.92963106899636e+46,1.1229685888762384e+47,1.915931695775874e+47,2.274255587187597e-09,6.459265709092256e-09
3341757827.5017343,6226892728278.137,4155081146387.0005,2071811581891.1367,9598.27305479801,13592.762455415934,9.162014798347197e+37,3.685101847872985e+38,4.601303327707705e+38,-8.504194001900376e+37,-4.424691158948863e+37,6.866366674871367e-06,3.423716048212371e-06,1.0290082723083739e-05,7.932450917824461e+46,1.1233679267056767e+47,1.916613018488123e+47,2.3100085694220605e-09,6.560810150027516e-09
3357157633.1584244,6179274003986.535,4123306122767.195,2055967881219.3408,9675.061445252835,13701.50767914807,9.309197649258608e+37,3.744301031437574e+38,4.675220796363435e+38,-8.569729025794369e+37,-4.424691158948863e+37,6.972601633989557e-06,3.4766870518940156e-06,1.0449288685883573e-05,7.934765454967071e+46,1.1236957039359564e+47,1.9171722494326635e+47,2.346432973247157e-09,6.6642615404196214e-09
3372557438.8151145,6131692802535.025,4091556137389.13,2040136665145.896,9752.362576110523,13810.979029179973,9.45854786489335e+37,3.804371962093035e+38,4.75022674858237e+38,-8.636229096214171e+37,-4.424691158948863e+37,7.081234600812273e-06,3.5308537530748584e-06,1.0612088353887131e-05,7.936575217618253e+46,1.1239519966427565e+47,1.9176095184045818e+47,2.3835338557357836e-09,6.769634243200227e-09
3387957244.4718046,6084165696155.521,4059842248572.161,2024323447583.3613,9830.161713641199,13921.155640082085,9.610060288009741e+37,3.865312565518238e+38,4.8263185943192126e+38,-8.703691916832764e+37,-4.424691158948863e+37,7.192298338185601e-06,3.5862324880048033e-06,1.0778530826190405e-05,7.93788137064854e+46,1.1241369697912565e+47,1.9179251068561103e+47,2.421316177272269e-09,6.876942346689295e-09
3403357050.1284943,6036708859180.004,4028175249124.9644,2008533610055.04,9908.444189556189,14032.016739100556,9.763729129313327e+37,3.927120513170812e+38,4.9034934261021445e+38,-8.77211490989365e+37,-4.424691158948863e+37,7.305825551362008e-06,3.642839564216353e-06,1.094866511557836e-05,7.938685683735384e+46,1.1242508739974283e+47,1.918119442370967e+47,2.459784785110476e-09,6.986199617897375e-09
3418756855.7851844,5989338072472.458,3996565669302.8833,1992772403169.5752,9987.195381931553,14143.541619141763,9.919547920309212e+37,3.989793203323622e+38,4.981747995354543e+38,-8.841495195217753e+37,-4.424691158948863e+37,7.42184883002446e-06,3.7006912316166083e-06,1.1122540061641068e-05,7.938990508793935e+46,1.1242940423318537e+47,1.918193093211247e+47,2.498944395845148e-09,7.097419452741295e-09
3434156661.4418745,5942068728708.527,3965023780330.933,1977044948377.595,10066.400695170634,14255.709610395923,1.007750946294753e+38,4.053327740811417e+38,5.0610786871061695e+38,-8.911829567782429e+37,-4.424691158948863e+37,7.540400585456478e-06,3.7598036511589205e-06,1.1300204236615398e-05,7.938798757785719e+46,1.124266887177063e+47,1.918146762955635e+47,2.5387995767153913e-09,7.2106148229429284e-09
3449556467.0985646,5894915838478.298,3933559598476.068,1961356240002.2307,10146.045538966726,14368.500050544719,1.0237605775835327e+38,4.117720915396434e+38,5.141481492979967e+38,-8.983114473771626e+37,-4.424691158948863e+37,7.661512982476398e-06,3.820192860903874e-06,1.1481705843380273e-05,7.938113880977554e+46,1.124169897148633e+47,1.9179812852463884e+47,2.5793547256529396e-09,7.325798219362932e-09
3464956272.7552547,5847894037189.029,3902182889653.2354,1945711147535.7947,10226.115306220838,14481.892253489137,1.039982803677154e+38,4.182969178655082e+38,5.2229519823322355e+38,-9.055345984988865e+37,-4.424691158948863e+37,7.785217865724509e-06,3.8818747392644894e-06,1.1667092604988999e-05,7.936939845718089e+46,1.1240036340895905e+47,1.9176976186613994e+47,2.6206140499810284e-09,7.442981591501992e-09
3480356078.4119444,5801017592746.05,3870903174550.685,1930114418195.3655,10306.595349863424,14595.865476525163,1.056416652134443e+38,4.249068619280898e+38,5.305485271415341e+38,-9.128519771516953e+37,-4.424691158948863e+37,7.911546679860286e-06,3.9448649652148685e-06,1.1856411645075155e-05,7.935281115794676e+46,1.1237687301469965e+47,1.917296841726464e+47,2.662581543662549e-09,7.562176282881782e-09
3495755884.0686345,5754300413991.678,3839729734261.0913,1914570679730.587,10387.470958522521,14710.398885885792,1.0730610537312095e+38,4.316014936691396e+38,5.389075990422605e+38,-9.202631072500099e+37,-4.424691158948863e+37,8.040530383193054e-06,4.009178975224614e-06,1.2049709358417667e-05,7.933142631428963e+46,1.1234658849389909e+47,1.916780148081887e+47,2.705260962988444e-09,7.683392961995949e-09
3511155689.7253246,5707756059883.744,3808671616406.199,1899084443477.5457,10468.72733097429,14825.471520558716,1.089914835446715e+38,4.3838034128185724e+38,5.473718248265288e+38,-9.277674664915266e+37,-4.424691158948863e+37,8.17219935423331e-06,4.074831916663337e-06,1.2247031270896649e-05,7.930529789965605e+46,1.1230958628199877e+47,1.916148841816548e+47,2.748655800589186e-09,7.806641548498372e-09
3526555495.3820148,5661397749397.312,3777737641744.041,1883660107653.271,10550.349549304974,14941.062254279139,1.1069767129665081e+38,4.452428881954153e+38,5.5594055949206606e+38,-9.353644830190095e+37,-4.424691158948863e+37,8.306583290612882e-06,4.141838597400105e-06,1.2448421888012987e-05,7.927448427304773e+46,1.122659490251208e+47,1.915404332981685e+47,2.792769257643384e-09,7.931931134270944e-09
3541955301.0387044,5615238372135.049,3746936411249.0317,1868301960886.0176,10632.322550706473,15057.149755587621,1.1242452826673895e+38,4.521885698511927e+38,5.646130981179317e+38,-9.430535318514955e+37,-4.424691158948863e+37,8.443711099781142e-06,4.210213431302254e-06,1.2653924531083397e-05,7.923904800125727e+46,1.1221576532832419e+47,1.9145481332958147e+47,2.8376042141484366e-09,8.059269898987296e-09
3557355106.6953945,5569290499634.012,3716276313656.754,1853014185977.2583,10714.631097820402,15173.712445832278,1.1417190130478693e+38,4.592167702559723e+38,5.733886715607592e+38,-9.508339310685973e+37,-4.424691158948863e+37,8.583610780840029e-06,4.279970379315822e-06,1.2863581160155851e-05,7.919905568945763e+46,1.1215912951569084e+47,1.9135818520514848e+47,2.883163197108286e-09,8.188665019760675e-09
3572754912.3520846,5523566397358.871,3685765533466.8013,1837800863892.0703,10797.259747537842,15290.728454983997,1.1593962355649405e+38,4.663268182963523e+38,5.8226644185284635e+38,-9.587049377304605e+37,-4.424691158948863e+37,8.726309296833573e-06,4.351122885786407e-06,1.307743218261998e-05,7.915457782055987e+46,1.120961414028294e+47,1.9125071922338926e+47,2.9294483464828615e-09,8.320122574434695e-09
3588154718.0087748,5478078037373.822,3655412059398.491,1822665977975.3318,10880.192818154634,15408.17557512284,1.1772751348354243e+38,4.7351798379757806e+38,5.912454972811205e+38,-9.666657435147886e+37,-4.424691158948863e+37,8.871832436758295e-06,4.423683809654612e-06,1.3295516246412908e-05,7.91056886037299e+46,1.1202690608234965e+47,1.9113259468607956e+47,2.9764613787330453e-09,8.45364743804494e-09
3603554523.665465,5432837111688.162,3625223693296.099,1807613418392.0635,10963.41435477358,15526.031211441768,1.195353738157259e+38,4.807894733088452e+38,6.003248471245711e+38,-9.747154700510655e+37,-4.424691158948863e+37,9.020204666507188e-06,4.497665350133567e-06,1.3517870016640754e-05,7.905246583243368e+46,1.1195153372283057e+47,1.9100399955526424e+47,3.0242035477831455e-09,8.589243171945872e-09
3618954329.3221545,5387855046272.8545,3595208059481.8364,1792646986791.0186,11046.908092837117,15644.27233060279,1.2136299043032643e+38,4.881404255959807e+38,6.095034160263072e+38,-9.828531639308368e+37,-4.424691158948863e+37,9.171448967904889e-06,4.573078966448439e-06,1.3744527934353327e-05,7.899499075236129e+46,1.1187013938177884e+47,1.9086513013414013e+47,3.072675603210921e-09,8.726911905063521e-09
3634354134.9788446,5343143015748.209,3565372614556.6426,1777770401191.5671,11130.657419665236,15762.875406268215,1.2321013115368207e+38,4.955699068211662e+38,6.187800379748483e+38,-9.910777913715392e+37,-4.424691158948863e+37,9.325586664932298e-06,4.6499352911883525e-06,1.397552195612065e-05,7.893334793956533e+46,1.1178284283305224e+47,1.9071619077261757e+47,3.1218777454623333e-09,8.866654206697896e-09
3649753940.635535,5298711958745.396,3535724657650.617,1762987301094.78,11214.645333865028,15881.816361617775,1.2507654447957655e+38,5.030769053881073e+38,6.281534498676838e+38,-9.993882325099695e+37,-4.424691158948863e+37,9.482637236177715e-06,4.728244036790543e-06,1.4210881272968257e-05,7.886762518913474e+46,1.116897684092034e+47,1.9055739359833814e+47,3.1718095778749985e-09,9.008468950261573e-09
3665153746.292225,5254572593947.348,3506271341126.7935,1748301252820.5547,11298.85440246926,16001.070508649665,1.2696195819875388e+38,5.106603264297308e+38,6.376222846284847e+38,-1.0077832753000237e+38,-4.424691158948863e+37,9.642618112486894e-06,4.8080138946443805e-06,1.4450632007131275e-05,7.879791341471618e+46,1.115910448591848e+47,1.90388958273901e+47,3.222470055280491e-09,9.152353167301661e-09
3680553551.948915,5210735436817.321,3477019681743.777,1733715755073.5452,11383.266715652595,16120.612484051137,1.2886607793352596e+38,5.183189859141555e+38,6.471850638476814e+38,-1.0162616089878542e+38,-4.424691158948863e+37,9.80554445871779e-06,4.889252426269663e-06,1.4694796884987453e-05,7.872430655918433e+46,1.1148680522184355e+47,1.9021111178102786e+47,3.2738574289414773e-09,9.29830189111207e-09
3695953357.6056046,5167210817026.209,3447976572284.6353,1719234244741.5742,11467.863838865167,16240.416181411592,1.3078858557110418e+38,5.260516043433109e+38,6.5684018991441505e+38,-1.0248218171360784e+38,-4.424691158948863e+37,9.97142893843691e-06,4.971965945989224e-06,1.4943394884426135e-05,7.864690151675834e+46,1.1137718671562467e+47,1.90024088232383e+47,3.3259691875651407e-09,9.446307989201764e-09
3711353163.262295,5124008896592.514,3419148793661.348,1704860102931.166,11552.626762214137,16360.454679538423,1.3272913758893764e+38,5.3385680001719456e+38,6.665859376061322e+38,-1.0334623701671378e+38,-4.424691158948863e+37,1.014028146032325e-05,5.056159394480557e-06,1.5196440854803807e-05,7.856579806685445e+46,1.1126233064489567e+47,1.8982812871175013e+47,3.378801994119468e-09,9.596361983842483e-09
3726752968.918985,5081139688751.38,3390543027505.7305,1690596661245.65,11637.535846915824,16480.70016662424,1.346873632650154e+38,5.417330818354346e+38,6.7642044510045e+38,-1.042181617394441e+38,-4.424691158948863e+37,1.031210890497538e-05,5.141836202556037e-06,1.5453945107531416e-05,7.848109881996269e+46,1.1114238232329873e+47,1.8962348114326143e+47,3.4323516181645493e-09,9.748451859878323e-09
3742152774.575675,5038613077572.084,3362165869259.7935,1676447208312.291,11722.570768631838,16601.12386000134,1.3666286276574093e+38,5.496788416064284e+38,6.863417043721693e+38,-1.0509777785083838e+38,-4.424691158948863e+37,1.0486914830744095e-05,5.228998144484834e-06,1.571591297522893e-05,7.839290917583198e+46,1.1101749101453383e+47,1.894104001903658e+47,3.4866128633958954e-09,9.902562858936657e-09
3757552580.232365,4996438838345.399,3334023841779.826,1662414996565.574,11807.710457495947,16721.695921209714,1.386552051036948e+38,5.576923458331554e+38,6.963475509368502e+38,-1.05984893448303e+38,-4.424691158948863e+37,1.0664699157144382e-05,5.3176451801354165e-06,1.5982344337279797e-05,7.830133729424556e+46,1.1088780989097195e+47,1.891891471852175e+47,3.5415794900832356e-09,1.0058677259141368e-08
3772952385.889055,4954626658765.066,3306123409470.3667,1648503249294.7002,11892.933034630407,16842.385366093557,1.406639259572891e+38,5.657717269434948e+38,7.06435652900784e+38,-1.0687930178678464e+38,-4.424691158948863e+37,1.0845457824330178e-05,5.407775285182432e-06,1.625323310951261e-05,7.820649407866646e+46,1.1075349601049428e+47,1.8895999008916075e+47,3.5972441320741945e-09,1.021677413938944e-08
3788352191.545745,4913186160928.421,3278470992964.783,1634715167963.6384,11978.215744947143,16963.159969636425,1.426885253441209e+38,5.739149739320961e+38,7.166034992762171e+38,-1.0778078024280156e+38,-4.424691158948863e+37,1.1029182427056536e-05,5.499384268592492e-06,1.6528566695649027e-05,7.81084931730264e+46,1.1061471031194456e+47,1.8872320348497095e+47,3.653598208021666e-09,1.037682912722184e-08
3803751997.202435,4872126924185.8,3251072984372.2246,1621053939813.576,12063.534886018966,17083.98616523103,1.4472846513949252e+38,5.821199223794944e+38,7.268483875189869e+38,-1.086890892095334e+38,-4.424691158948863e+37,1.1215859821483704e-05,5.5924655765683344e-06,1.680832539805204e-05,7.80074509719326e+46,1.1047161762958398e+47,1.884790686015166e+47,3.7106318264794074e-09,1.05388141292792e-08
3819151802.859125,4831458508864.91,3223935763108.419,1607522745756.4917,12148.865732813174,17204.828938089355,1.4678316643165558e+38,5.9038424381449476e+38,7.371674102461504e+38,-1.0960397091921013e+38,-4.424691158948863e+37,1.1405471703149158e-05,5.68701008211674e-06,1.7092481785265896e-05,7.790348664454812e+46,1.1032438672690947e+47,1.882278733714576e+47,3.768333684508532e-09,1.070269704332728e-08
3834551608.515815,4791190480901.626,3197065712331.313,1594124768570.3137,12234.182458070583,17325.65171248607,1.4885200670506647e+38,5.987054343847999e+38,7.475574410898664e+38,-1.1052514818892102e+38,-4.424691158948863e+37,1.1597994154377367e-05,5.783005859377433e-06,1.73810000137548e-05,7.779672217239924e+46,1.101731903501954e+47,1.8796991252259465e+47,3.82669095942647e-09,1.0868441450805968e-08
3849951414.172505,4751332437405.865,3170469236000.669,1580863201405.1968,12319.458048121933,17446.416232540436,1.5093431684313934e+38,6.07080802801626e+38,7.580151196447654e+38,-1.1145232308605254e+38,-4.424691158948863e+37,1.1793397159388895e-05,5.8804379418462045e-06,1.76738351012351e-05,7.768728240133939e+46,1.100182053020832e+47,1.877054877034226e+47,3.885689193332811e-09,1.1036006288863372e-08
3865351219.829195,4711894033191.252,3144152776580.781,1567741256610.472,12404.664213938817,17567.08243624952,1.5302937794214114e+38,6.155074575247017e+38,7.685368354668428e+38,-1.1238517550963483e+38,-4.424691158948863e+37,1.1991644085367097e-05,5.9792880636237535e-06,1.797093214899085e-05,7.757529510787707e+46,1.0985961253551284e+47,1.874349076433899e+47,3.945312170049416e-09,1.120534550084518e-08
3880751025.485885,4672885008295.149,3118122833404.0405,1554762174891.1096,12489.77129722854,17687.6083225028,1.5513641792826e+38,6.239822931556043e+38,7.791187110838643e+38,-1.1332336168404867e+38,-4.424691158948863e+37,1.2192691127768738e-05,6.079534382835803e-06,1.827222551060454e-05,7.746089108004072e+46,1.096975972682409e+47,1.8715848834828162e+47,4.00554178412321e-09,1.1376407664240727e-08
3896150831.1425753,4634315216512.43,3092385981710.954,1541929234801.476,12574.74817140007,17807.949810833346,1.5725460797047169e+38,6.3250197600976045e+38,7.89756583980232e+38,-1.1426651256180897e+38,-4.424691158948863e+37,1.2396486718225595e-05,6.181151186400277e-06,1.8577637904625873e-05,7.734420421290944e+46,1.0953234911812819e+47,1.868765533310376e+47,4.066357901558821e-09,1.1549135595140413e-08
3911550636.799265,4596194654961.453,3066948892378.929,1529245762582.5244,12659.562137253415,17928.06059369652,1.5938305868269187e+38,6.4106292884092596e+38,8.004459875236179e+38,-1.152142321325251e+38,-4.424691158948863e+37,1.2602970893486534e-05,6.2841085753684415e-06,1.8887079468854976e-05,7.722537161887982e+46,1.0936406225929599e+47,1.865894338781758e+47,4.127738211977122e-09,1.172346592834129e-08
3926950442.455955,4558533494694.894,3041818352348.2656,1516715142346.6284,12744.178813276563,18047.891981112047,1.61520816109831e+38,6.496613146964866e+38,8.111821308063176e+38,-1.1616609563564105e+38,-4.424691158948863e+37,1.2812074623998065e-05,6.388372130140925e-06,1.9200446754138992e-05,7.710453375266702e+46,1.0919293559914865e+47,1.862974693518157e+47,4.189658071935207e-09,1.1899328672349604e-08
3942350248.112645,4521342112356.817,3017001285746.294,1504340826610.5237,12828.562020483088,18167.392737574803,1.6366685749405755e+38,6.582930198887243e+38,8.219598773827818e+38,-1.1712164767531066e+38,-4.424691158948863e+37,1.3023719100948376e-05,6.493902554972754e-06,1.951762165592113e-05,7.698183455093628e+46,1.09019172976115e+47,1.860010075270513e+47,4.252090339202417e-09,1.2076646738697049e-08
3957750053.7693353,4484631122880.016,2992504775705.6514,1492126347174.3647,12912.673661770716,18286.5089112063,1.658200868193625e+38,6.669536360743768e+38,8.327737228937393e+38,-1.1808040023655872e+38,-4.424691158948863e+37,1.3237814980866456e-05,6.600655301314459e-06,1.9838470282180916e-05,7.685742158635513e+46,1.0884298337781215e+47,1.8570040496416728e+47,4.315005197853302e-09,1.2255335445175543e-08
3973149859.4260254,4448411413198.995,2968336086860.2866,1480075326338.709,12996.473595860492,18405.183655231474,1.6797933013529549e+38,6.756384414459942e+38,8.436177715812897e+38,-1.190418306031154e+38,-4.424691158948863e+37,1.345426158726692e-05,6.7085801697352474e-06,2.016284175700217e-05,7.673144623569743e+46,1.0866458117910914e+47,1.853960274148066e+47,4.378369974138379e-09,1.2435301992879466e-08
3988549665.082715,4412694176938.442,2944502688492.3804,1468191488446.0627,13079.9195059581,18523.35704198106,1.7014333066379027e+38,6.843423810508428e+38,8.54485711714633e+38,-1.2000537917866844e+38,-4.424691158948863e+37,1.3672946069299887e-05,6.81762089040799e-06,2.0490566959707876e-05,7.660406386145896e+46,1.084841863993248e+47,1.8508825026078375e+47,4.44214894320751e-09,1.2616444917267723e-08
4003949470.739405,4377490950013.812,2921012278287.9053,1456478671725.9072,13162.966763387836,18640.965869774504,1.7231074369697553e+38,6.930600462691262e+38,8.653707899661017e+38,-1.2097044721504887e+38,-4.424691158948863e+37,1.3893742517976189e-05,6.92771468244037e-06,2.082145720041656e-05,7.647543400622288e+46,1.0830202497748189e+47,1.8477745898370475e+47,4.506303126908817e-09,1.2798653513878932e-08
4019349276.3960953,4342813647053.864,2897872806640.6597,1444940840413.2043,13245.568286579177,18757.94346322129,1.7448013129864267e+38,7.017856535024809e+38,8.762657848011237e+38,-1.2193639445299276e+38,-4.424691158948863e+37,1.4116511041287585e-05,7.038791792710204e-06,2.115530283399779e-05,7.634572059875144e+46,1.081183290641675e+47,1.8446404966291893e+47,4.570790083065797e-09,1.2981807239843225e-08
4034749082.0527854,4308674598522.244,2875092501422.756,1433582097099.4888,13327.674395942253,18874.21946770033,1.766499568278313e+38,7.105130221470044e+38,8.871629789748357e+38,-1.2290253668369849e+38,-4.424691158948863e+37,1.4341096800460843e-05,7.150775015321287e-06,2.149187181578213e-05,7.62150921704663e+46,1.079333373281055e+47,1.8414842949857182e+47,4.635563686854241e-09,1.3165775092956176e-08
4050148887.7094755,4275086588376.547,2852679893113.7583,1422406695262.789,13409.232665354142,18989.71963903963,1.7881857930989574e+38,7.192355519528236e+38,8.980541312627194e+38,-1.2386814324247269e+38,-4.424691158948863e+37,1.4567329010694307e-05,7.263579193349455e-06,2.1830908204043762e-05,7.608372208060799e+46,1.0774729527501991e+47,1.838310173556279e+47,4.700573905163152e-09,1.335041497082611e-08
4065548693.366165,4242062892057.3823,2830643840150.0337,1411419051907.3494,13490.18777119734,19104.36562972955,1.8098424768860034e+38,7.279461999051543e+38,9.089304475937545e+38,-1.2483243444940345e+38,-4.424691158948863e+37,1.47950199110552e-05,7.37711070521153e-06,2.2172130616266728e-05,7.595178874792704e+46,1.0756045557574848e+47,1.8351224432367555e+47,4.7657665651367545e-09,1.353557301349481e-08
4080948499.0228553,4209617314546.3516,2808993554320.073,1400623760226.2788,13570.481340148843,19218.074773366567,1.831450950024096e+38,7.36637456800446e+38,9.197825518028556e+38,-1.2579457901627966e+38,-4.424691158948863e+37,1.5023963709790948e-05,7.49126693877518e-06,2.2515230648566127e-05,7.581947588624937e+46,1.073730783998427e+47,1.8319255428609207e+47,4.831083118463625e-09,1.3721082933979199e-08
4096348304.6795454,4177764228169.7075,2787738625990.1245,1390025602179.5833,13650.051797215854,19330.759869446436,1.8529913253930904e+38,7.453013237361854e+38,9.306004562754944e+38,-1.2675369144395118e+38,-4.424691158948863e+37,1.5253935513155064e-05,7.605935757248789e-06,2.2859871270403852e-05,7.568697274066859e+46,1.0718543175005554e+47,1.8287240449072415e+47,4.896460403409501e-09,1.3906765342404833e-08
4111748110.3362355,4146518609752.9375,2766889048896.6997,1379629560856.2385,13728.834215857025,19442.32897111075,1.874442440373909e+38,7.539292887847698e+38,9.413735328221607e+38,-1.277088294400666e+38,-4.424691158948863e+37,1.5484690247994964e-05,7.720994961960888e-06,2.3205685209955852e-05,7.555447432044052e+46,1.069977917921594e+47,1.8255226611259992e+47,4.961830407088934e-09,1.409242707081767e-08
4127147915.992925,4115896076650.364,2746455244188.408,1369440832461.9563,13806.760172417786,19552.68517900296,1.8957818001313934e+38,7.625123041810035e+38,9.520904841941428e+38,-1.2865899139367018e+38,-4.424691158948863e+37,1.5715961590815035e-05,7.83631175836829e-06,2.3552273349183323e-05,7.542218162388828e+46,1.0681044317344908e+47,1.8223262479733735e+47,5.0271200310412325e-09,1.4277860507380588e-08
4142547721.6496153,4085912921082.3755,2726448083338.5073,1359464837743.8684,13883.757607547432,19661.726445011784,1.9169855231595296e+38,7.710407644195597e+38,9.627393167355127e+38,-1.296031139505344e+38,-4.424691158948863e+37,1.594746091883255e-05,7.951742233030318e-06,2.3899203151862868e-05,7.529030184976325e+46,1.0662367932206443e+47,1.8191398117182768e+47,5.092250863822396e-09,1.4462842950496506e-08
4157947527.3063054,4056586142111.424,2706878909481.845,1349707232629.5789,13959.75069775399,19769.345390371374,1.9380282902595406e+38,7.79504485733195e+38,9.73307314759149e+38,-1.3054006974134526e+38,-4.424691158948863e+37,1.6178876301691014e-05,8.06713085085571e-06,2.4246007152546724e-05,7.515904858855038e+46,1.0643780271791077e+47,1.8159685130646114e+47,5.157138965047457e-09,1.4647135995452565e-08
4173347332.9629955,4027933474476.505,2687759556655.5337,1340173917820.9717,14034.65974078904,19875.42914334702,1.958883298325062e+38,7.87892687504439e+38,9.837810173369453e+38,-1.3146866532392847e+38,-4.424691158948863e+37,1.6409871555982395e-05,8.182309983667331e-06,2.4592181539649725e-05,7.502864198615897e+46,1.0625312512447245e+47,1.8128176711063142e+47,5.221694666115455e-09,1.4830484968445788e-08
4188747138.6196856,3999973413385.908,2669102366342.655,1330871047043.254,14108.401059133203,19979.859202554428,1.9795222205290144e+38,7.961939762521513e+38,9.941461983050527e+38,-1.3238763941051989e+38,-4.424691158948863e+37,1.664008538852921e-05,8.297099483024468e-06,2.493718487155368e-05,7.489930887131261e+46,1.0606996776921813e+47,1.8096927664053074e+47,5.285822393715562e-09,1.5012618425310947e-08
4204146944.2763753,3972725234240.986,2650920200633.5386,1321805033607.4475,14180.886926466394,20082.51133282929,1.9999151747410875e+38,8.04396332928551e+38,1.0043878504026597e+39,-1.332956614615139e+38,-4.424691158948863e+37,1.6869130658445015e-05,8.411306312270527e-06,2.528043697071554e-05,7.477128283676066e+46,1.0588866145861013e+47,1.806599442953708e+47,5.3494205231365805e-09,1.5193247734895098e-08
4219546749.9330654,3946209006132.7207,2633226451231.754,1312982554900.9673,14252.025522640834,20183.255501461535,2.0200307022476666e+38,8.124871043600497e+38,1.0144901745848163e+39,-1.3419133073794166e+38,-4.424691158948863e+37,1.7096593792246317e-05,8.524724254895443e-06,2.5621318047141762e-05,7.464480426320748e+46,1.0570954661199208e+47,1.8035435087519958e+47,5.412381269364096e-09,1.537206676975527e-08
4234946555.5897555,3920445597821.6094,2616035043444.363,1304410554377.2468,14321.720923311394,20281.955863510146,2.039835759090867e+38,8.204529997636756e+38,1.0244365756727623e+39,-1.3507317591583011e+38,-4.424691158948863e+37,1.7322034390617552e-05,8.637133718460343e-06,2.5959168109077894e-05,7.452012027362997e+46,1.0553297319689493e+47,1.800530934705249e+47,5.474590624923325e-09,1.55487517296218e-08
4250346361.2464457,3895456674785.619,2599360434212.0835,1296096240573.536,14389.873130989838,20378.470805781162,2.0592957225799036e+38,8.282800933660489e+38,1.0342096656240393e+39,-1.3593965537612939e+38,-4.424691158948863e+37,1.7544985069669298e-05,8.748301655445535e-06,2.6293286725114833e-05,7.439748460448278e+46,1.0535930054664196e+47,1.7975678515112475e+47,5.535928354372943e-09,1.5722961125759827e-08
4265746166.903136,3871264685807.4526,2583217603159.239,1288047082648.214,14456.378154844468,20472.653059837357,2.078374415744071e+38,8.359538342387393e+38,1.0437912758131463e+39,-1.3678915829351235e+38,-4.424691158948863e+37,1.776495158346883e-05,8.857981624346829e-06,2.662293320781566e-05,7.427715737923908e+46,1.0518889703964445e+47,1.7946605441888353e+47,5.596268056227443e-09,1.5894335956839212e-08
4281145972.5598254,3847892837480.0884,2567622035581.8125,1280270801898.2764,14521.128147021309,20564.349895051888,2.097034152675723e+38,8.434590645359074e+38,1.0531624798034797e+39,-1.3762000665532833e+38,-4.424691158948863e+37,1.798141327798945e-05,8.965914016024322e-06,2.694732729401377e-05,7.415940476886862e+46,1.0502213961858206e+47,1.7918154438745068e+47,5.655477303820101e-09,1.606250010900883e-08
4296545778.216516,3825365054949.281,2552589696251.703,1272775358697.578,14584.01160356599,20653.403403147287,2.1152358078345623e+38,8.507800473695397e+38,1.0623036281529959e+39,-1.384304583474638e+38,-4.424691158948863e+37,1.819382392908982e-05,9.07182647153664e-06,2.726565040062646e-05,7.404449852331359e+46,1.0485941312689382e+47,1.789039116502074e+47,5.713417877139274e-09,1.622706101435038e-08
4311945583.873205,3803705927195.714,2538136992904.601,1265568934291.1133,14644.913638117134,20739.650885791205,2.1329389124283572e+38,8.579005055752451e+38,1.0711943968180809e+39,-1.3921871144581598e+38,-4.424691158948863e+37,1.84016130183081e-05,9.17543451827897e-06,2.757704753658707e-05,7.393271535790562e+46,1.0470110943984196e+47,1.7863382479774758e+47,5.769946097888807e-09,1.638761060250595e-08
4327345389.529896,3782940635201.93,2524280728307.21,1258659906894.7207,14703.716336354717,20822.925356554602,2.1501017809243468e+38,8.648036725970637e+38,1.0798138506894983e+39,-1.3998290984937257e+38,-4.424691158948863e+37,1.8604187499695156e-05,9.276442450963565e-06,2.788062995065872e-05,7.382433617910629e+46,1.0454762636803082e+47,1.783719625471371e+47,5.824913279837569e-09,1.654372657974583e-08
4342745195.186585,3763094861465.075,2511038039876.913,1252056821588.1626,14760.299198647392,20903.056167774583,2.1666816705520608e+38,8.714723566419357e+38,1.0881405236971419e+39,-1.407211503822768e+38,-4.424691158948863e+37,1.8800934108136063e-05,9.374544482597801e-06,2.8175478590733864e-05,7.371964513509118e+46,1.043993663128748e+47,1.7811901144796598e+47,5.878166305824231e-09,1.6694974067758563e-08
4358145000.843276,3744194679520.912,2498426325963.3525,1245768353557.5603,14814.53967737865,20979.86977149817,2.1826349763043686e+38,8.77889019112086e+38,1.0961525167425229e+39,-1.4143149147649505e+38,-4.424691158948863e+37,1.8991222254130845e-05,9.469426187883242e-06,2.846064844201409e-05,7.3618928478676e+46,1.0425673465631121e+47,1.778756631349872e+47,5.929548341461062e-09,1.6840907630688826e-08
4373544806.499966,3726266422451.941,2486463158106.523,1239803264345.4185,14866.313813972592,21053.19062161755,2.19791746340227e+38,8.840358681059041e+38,1.1038276144461311e+39,-1.4211196352260552e+38,-4.424691158948863e+37,1.91744075413542e-05,9.560766257145525e-06,2.8735173798499723e-05,7.352247323303762e+46,1.041201378712379e+47,1.7764261110427551e+47,5.978899693528338e-09,1.6981073713120964e-08
4388944612.156655,3709336529774.141,2475166178867.3555,1234170350906.7861,14915.496978630714,21122.842221461262,2.2124845384388447e+38,8.89894967476173e+38,1.1111434213200574e+39,-1.427605809428253e+38,-4.424691158948863e+37,1.9349835931100325e-05,9.648238572814876e-06,2.89980745039152e-05,7.343056565472237e+46,1.0398998134487539e+47,1.7742054699959776e+47,6.026058818182501e-09,1.7115013503558568e-08
4404344417.813346,3693431372640.4526,2464552985189.4893,1228878387450.9636,14961.964713194227,21188.648317428433,2.2262915594443543e+38,8.954483615429674e+38,1.1180775174874028e+39,-1.4337535599705055e+38,-4.424691158948863e+37,1.951684856167836e-05,9.73151461247888e-06,2.924836317415724e-05,7.334348949362504e+46,1.0386666691460566e+47,1.772101564082307e+47,6.070863480358027e-09,1.7242266227319366e-08
4419744223.470036,3678577057964.8496,2454640997695.18,1223936060269.67,15005.593674359441,21250.43423473976,2.239294183916162e+38,9.006782150765919e+38,1.1246076334682082e+39,-1.439543142793286e+38,-4.424691158948863e+37,1.967478721090172e-05,9.81026617259552e-06,2.948505338349724e-05,7.326152405597006e+46,1.0375059012482926e+47,1.7701211418079931e+47,6.113152061115721e-09,1.736237285962279e-08
4435144029.126726,3664799212850.93,2445447316838.8027,1219351896012.128,15046.262670733986,21308.02834608285,2.25144875244761e+38,9.055669675989544e+38,1.1307118428437154e+39,-1.4449551179941816e+38,-4.424691158948863e+37,1.9823000366221068e-05,9.8841683951902e-06,2.9707168761411267e-05,7.318494208375394e+46,1.0364213722390033e+47,1.7682707930765427e+47,6.15276500423002e-09,1.7474880234139495e-08
4450543834.783416,3652122751584.1943,2436988567425.452,1215134184158.7427,15083.853783019627,21361.263657978685,2.262712704003042e+38,9.100975004135006e+38,1.1363687708138047e+39,-1.4499705347343446e+38,-4.424691158948863e+37,1.9960849840337665e-05,9.952903066540891e-06,2.9913752906878556e-05,7.311400747243067e+46,1.035416819319869e+47,1.7665568940441757e+47,6.189546387144077e-09,1.7579345504766156e-08
4465943640.440105,3640571628387.044,2429280733629.294,1211290894757.7502,15118.253552090924,21409.979493300078,2.2730450171775066e+38,9.142533140865902e+38,1.1415578158043408e+39,-1.4545711277149516e+38,-4.424691158948863e+37,2.008771784123178e-05,1.0016162142444223e-05,3.0103879983676e-05,7.304897285755185e+46,1.0344958202334912e+47,1.7649855488090097e+47,6.2233455947697625e-09,1.767534089949708e-08
4481343446.096796,3630168580095.0757,2422338987286.5938,1207829592808.4822,15149.354215121162,21454.023241833012,2.2824066700296567e+38,9.18018713399286e+38,1.1462593804022517e+39,-1.4587395219236097e+38,-4.424691158948863e+37,2.0203014375799585e-05,1.0073651439825865e-05,3.0276665815625452e-05,7.299007711018244e+46,1.0336617577942836e+47,1.7635625288961081e+47,6.254019067781614e-09,1.7762458685870964e-08
4496743251.753486,3620934863838.928,2416177512856.053,1204757350982.8755,15177.054965449344,21493.25214445936,2.290761109384371e+38,9.213789961080143e+38,1.1504551070464515e+39,-1.4624594415972794e+38,-4.424691158948863e+37,2.030618483740723e-05,1.01250944200559e-05,3.043127925746313e-05,7.293754278969012e+46,1.0329177838157023e+47,1.7622932117126035e+47,6.2814320904382724e-09,1.78403162486824e-08
4512143057.410176,3612889995640.737,2410809332989.445,1202080662651.2925,15201.263207903175,21527.535070904505,2.2980747189881298e+38,9.243206412437872e+38,1.1541281131426001e+39,-1.465715918674369e+38,-4.424691158948863e+37,2.0396717601685027e-05,1.0170235976372903e-05,3.056695357805793e-05,7.289157361032082e+46,1.032266783232712e+47,1.7611825193359202e+47,6.3054605770309294e-09,1.7908561163793842e-08
4527542863.066866,3606051496490.247,2406246139093.275,1199805357396.9727,15221.89577812359,21556.754246505116,2.3043172746911643e+38,9.268314921933895e+38,1.157263219662506e+39,-1.4684954954703382e+38,-4.424691158948863e+37,2.0474151433964297e-05,1.0208846127389067e-05,3.068299756135336e-05,7.285235198417652e+46,1.031711339306236e+47,1.7602348591480013e+47,6.325992811300479e-09,1.7966876138370798e-08
4542942668.723556,3600434652883.1934,2402498131540.826,1197936521342.3674,15238.880092410822,21580.806880583812,2.3094623740528503e+38,9.289009294932135e+38,1.1598471668984985e+39,-1.4707864159649276e+38,-4.424691158948863e+37,2.0538082498079876e-05,1.0240723511827744e-05,3.0778806009907616e-05,7.282003670714666e+46,1.0312537008520683e+47,1.759454067923535e+47,6.3429310900805854e-09,1.80149836791027e-08
4558342474.380246,3596052298923.7334,2399573874273.465,1196478424650.2688,15252.155194020543,21599.60664817974,2.313487827531441e+38,9.305200281717222e+38,1.1618688109248662e+39,-1.4725787999843292e+38,-4.424691158948863e+37,2.058817075173464e-05,1.0265698577387866e-05,3.085386932912251e-05,7.279476085544275e+46,1.0308957524522799e+47,1.7588433610067074e+47,6.356193221447929e-09,1.8052650347199795e-08
4573742280.036936,3592914626868.9683,2397480168380.782,1195434458488.1865,15261.672662896652,21613.084978382598,2.316375998808252e+38,9.316816946330197e+38,1.1633192945138449e+39,-1.47386479473483e+38,-4.424691158948863e+37,2.062414551967523e-05,1.0283636359647538e-05,3.090778187932277e-05,7.277662995822594e+46,1.0306389885765652e+47,1.7584052881588246e+47,6.365713829117564e-09,1.8079690463093824e-08
4589142085.693626,3591029032405.268,2396221948856.5767,1194807083548.6917,15267.39735863995,21621.19210650074,2.3181140828501978e+38,9.323807784978356e+38,1.1641921867828554e+39,-1.4746386986136668e+38,-4.424691158948863e+37,2.064581005327272e-05,1.029443875556767e-05,3.094024880884039e-05,7.276572050619637e+46,1.0304844924613681e+47,1.7581416975233317e+47,6.371445418870822e-09,1.8095969135271382e-08
4604541891.350316,3590400000000.0,2395802208096.3535,1194597791903.6467,15269.30797104764,21623.89785371733,2.318694312021681e+38,9.32614155504868e+38,1.1644835867070361e+39,-1.4748970529829545e+38,-4.424691158948863e+37,2.065304491356531e-05,1.0298046210348807e-05,3.0951091123914115e-05,7.276207884699384e+46,1.030432920466905e+47,1.7580537089368434e+47,6.37335916940333e-09,1.8101404506414375e-08
